resource_id,next_refid
14,16746
17,123
21,518
27,526
30,617
36,611
45,702
79,521
92,41
93,1151
95,644
108,972
117,1000
120,178
123,12
129,12
131,120
134,157
135,10413
138,543
139,24
141,62
144,336
145,675
147,574
149,1588
152,284
156,17
157,59
160,861
162,328
165,697
168,294
171,88
173,595
177,424
183,515
186,532
189,521
195,693
228,519
239,688
240,604
246,517
248,1528
249,784
255,201
258,192
264,14
266,31
267,14
270,144
273,25
278,512
279,418
281,297
282,1825
285,23
288,71
289,509
291,106
292,20
294,238
299,511
300,520
302,461
303,726
305,644
306,86
312,829
315,537
318,8
320,3
324,11
326,871
327,95
328,97
330,780
333,530
335,562
337,545
341,533
342,545
344,253
347,779
348,3472
351,950
353,10616
356,30079
359,266
360,2111
363,505
366,610
368,197
369,1110
371,151
374,338
375,213
378,797
381,1177
384,963
385,479
387,82
390,702
393,391
396,503
399,1833
402,1142
404,630
405,750
407,88
411,46
430,30
432,94
435,16
436,24
438,17
441,1148
443,613
444,24
445,529
447,2
453,579
455,539
456,357
458,154
459,968
465,626
468,750
471,134
474,19
477,1207
483,48
486,934
488,595
489,591
492,515
495,516
498,515
501,550
504,9
507,2485
510,900
513,21
516,513
519,411
522,159
524,701
527,524
528,948
530,1012
531,5
534,629
536,674
537,14547
540,631
543,219
545,3156
546,21
548,585
551,561
552,549
555,525
558,675
561,588
564,646
566,646
569,50
570,594
573,22
576,2193
577,567
579,45
582,158
584,44
585,605
591,34
594,13
622,14
624,511
626,511
627,516
630,12
632,550
633,1579
636,766
639,84
642,534
645,51
651,530
653,14
654,5870
663,4081
666,11122
1881,514
1882,528
1883,528
1885,532
1887,652
1892,28
1893,29
1896,3962
1897,522
1900,1371
1901,564
1902,72
1905,17
1907,545
1908,516
1910,582
1911,4525
1914,547
1916,713
1920,512
1922,515
1931,581
1937,47
1940,12
1941,582
1947,27
1956,32
1959,28
1962,610
1963,543
1964,548
1968,524
1970,48
1971,23
1972,525
1974,555
1977,530
1983,943
1985,697
1992,560
1995,539
1997,920
1998,686
2001,29
2004,43
2007,765
2010,13
2013,20
2016,570
2018,551
2022,707
2025,9
2028,599
2030,837
2034,14
2037,20
2040,530
2043,40
2044,513
2046,1197
2052,515
2055,20
2058,11
2060,28392
2061,553
2064,11980
2072,556
2073,564
2076,66
2079,12
2082,518
2088,515
2091,514
2094,1066
2097,534
2106,534
2108,941
2111,545
2112,552
2115,588
2118,531
2126,1083
2128,579
2136,516
2139,47
2142,620
2145,17
2148,18
2151,606
2157,17
2160,683
2163,865
2164,539
2166,828
2169,511
2175,14
2178,16
2184,12
2186,534
2189,14
2192,515
2193,12
2198,2171
2204,871
2207,27
2208,2363
2211,28
2213,24
2214,40
2216,780
2217,12323
2220,38
2223,559
2226,1011
2229,26
2230,634
2232,227
2235,616
2236,683
2238,1311
2241,16
2244,21
2246,1183
2250,1401
2253,23
2256,710
2258,47
2259,41
2262,525
2265,28
2275,54
2276,761
2277,614
2279,13
2282,515
2285,31
2286,28
2288,622
2290,1003
2292,1077
2295,513
2301,19
2302,520
2304,27
2307,19
2312,522
2313,47
2316,20
2319,2094
2322,39
2325,20
2328,625
2331,857
2336,13
2337,731
2338,540
2341,521
2343,671
2345,30
2348,4793
2351,26
2352,62
2355,951
2358,735
2364,540
2367,20
2370,542
2373,13
2379,7299
2382,517
2385,522
2388,625
2391,599
2394,686
2397,636
2400,511
2403,48
2406,777
2409,543
2412,10
2415,56
2418,1257
2420,670
2427,20
2432,584
2434,595
2503,61072
2505,581
2507,149
2508,527
2509,587
2511,839
2512,1327
2514,41
2520,28
2523,21
2526,46
2527,30
2529,1201
2532,696
2533,23
2535,41
2538,636
2540,17
2542,1456
2544,617
2547,612
2549,177
2550,1044
2551,868
2556,575
2558,518
2559,172
2565,15
2568,54
2571,10
2574,20
2580,14
2583,16
2585,15
2586,206
2589,773
2592,626
2594,1563
2595,55
2597,138
2598,86
2600,57
2601,900
2604,123
2607,384
2612,27
2613,34
2616,536
2619,100
2622,552
2623,530
2624,138
2628,20
2631,19
2634,26
2637,23
2639,76
2640,830
2643,53
2646,2250
2649,550
2652,601
2655,526
2661,1109
2664,29
2667,516
2669,631
2671,20
2676,13
2681,546
2682,16
2684,13
2687,521
2688,771
2691,1655
2694,567
2696,667
2699,630
2703,565
2705,942
2709,4295
2710,2477
2713,557
2715,717
2718,813
2721,5703
2722,36
2724,46
2726,136
2728,1578
2730,570
2733,16
2739,3821
2742,58
2745,643
2748,111
2751,517
2754,15
2755,22
2757,4322
2760,67
2762,965
2763,31
2766,396
2767,683
2768,660
2770,52
2772,2136
2775,561
2777,5840
2778,569
2781,778
2783,117
2786,522
2790,539
2796,15257
2799,561
2802,23
2806,21
2811,631
2814,47
2817,40
2820,524
2823,50
2826,20
2829,634
2832,147
2838,828
2840,86
2841,533
2844,690
2847,116
2850,613
2852,855
2855,38
2856,27
2859,662
2862,28
2867,541
2870,537
2871,219
2874,539
2876,1089
2877,510
2880,585
2883,4595
2885,821
2886,902
2888,583
2889,35
2892,515
2895,2316
2898,14
2901,1384
2904,58
2907,124
2912,800
2916,164
2921,598
2922,2
2924,577
2925,433
2928,100
2933,3157
2934,713
2937,141
2940,574
2943,514
2946,17
2949,709
2952,24
2955,2718
2958,22
2961,132
2964,562
2967,402
2968,25
2970,812
2971,1387
2973,531
2976,1050
2979,1095
2982,543
2983,517
2988,714
2991,13
2994,405
2995,567
2997,535
2999,2168
3000,989
3001,626
3006,2027
3012,622
3014,688
3015,106
3018,3242
3021,7
3023,412
3027,91
3029,573
3031,752
3032,391
3033,247
3036,573
3039,261
3040,535
3042,991
3043,3
3045,608
3048,1225
3051,793
3054,6779
3057,514
3060,212
3063,2262
3066,549
3069,10
3072,846
3073,1928
3075,1002
3078,101
3081,541
3084,278
3087,748
3090,36
3093,24
3095,4972
3098,79
3099,618
3101,563
3104,743
3105,524
3107,169
3110,512
3111,535
3114,993
3118,521
3120,30
3123,521
3125,3
3126,528
3129,3
3131,5
3132,584
3135,282
3137,520
3140,512
3141,770
3144,2838
3147,1441
3156,312
3159,559
3162,1021
3164,16
3166,2172
3168,679
3171,516
3173,531
3174,516
3176,521
3177,517
3179,7280
3182,516
3185,558
3188,525
3189,514
3192,515
3195,518
3198,516
3201,513
3204,123
3207,624
3210,3276
3213,593
3219,102
3223,1967
3225,703
3228,1206
3288,3214
3293,659
3294,587
3296,514
3297,933
3300,678
3303,238
3304,515
3306,584
3309,514
3312,731
3315,915
3317,521
3318,518
3319,15
3320,1721
3323,516
3326,67
3327,541
3330,79
3333,716
3336,532
3337,21
3342,651
3345,536
3348,571
3351,545
3355,1010
3357,179
3358,575
3360,194
3366,1354
3369,597
3372,63
3375,943
3377,22
3378,537
3381,513
3384,20
3387,534
3390,707
3391,5104
3393,651
3394,520
3395,632
3397,515
3398,520
3399,388
3402,515
3408,532
3411,419
3413,3346
3414,648
3417,522
3419,24
3420,626
3423,514
3425,201
3426,555
3429,69
3432,723
3435,527
3436,1433
3438,540
3441,617
3443,545
3444,567
3445,703
3447,1256
3450,46
3452,419
3456,524
3459,23
3462,26
3465,71
3468,639
3471,136
3474,1108
3477,674
3480,550
3482,52
3483,14
3486,515
3489,518
3492,5463
3495,1290
3496,683
3498,3385
3501,349
3504,603
3505,521
3507,520
3510,21
3513,56
3516,674
3518,733
3521,1674
3522,604
3524,596
3525,78
3528,521
3534,600
3537,517
3540,2033
3541,12
3543,593
3545,2194
3548,534
3549,525
3554,522
3557,555
3558,592
3559,1325
3561,516
3562,533
3564,55
3567,315
3573,545
3576,251
3579,870
3580,3185
3581,649
3582,1930
3583,558
3585,2
3587,15
3588,13
3591,5183
3594,524
3597,615
3600,575
3602,56
3603,574
3606,580
3609,3
3612,521
3615,1620
3618,24
3620,739
3621,815
3623,555
3624,240
3626,5077
3628,1654
3630,520
3633,515
3634,663
3636,944
3639,515
3640,1031
3642,682
3647,573
3648,634
3650,515
3651,532
3652,61
3653,1368
3654,871
3657,278
3658,558
3660,2811
3661,546
3662,536
3664,513
3672,6884
3675,542
3678,1076
3680,569
3681,537
3684,10498
3687,62
3690,543
3693,1270
3696,1611
3699,568
3700,1317
3701,24
3704,533
3705,31
3708,471
3711,547
3714,714
3717,638
3720,514
3723,827
3725,1538
3726,1331
3729,107
3732,28
3734,557
3736,550
3738,559
3741,15
3744,1453
3746,79
3747,518
3749,39
3750,667
3753,646
3756,61
3759,670
3761,603
3763,554
3765,587
3767,46
3768,247
3771,526
3774,518
3777,583
3780,1800
3783,2596
3786,952
3787,526
3789,806
3792,2260
3795,527
3798,534
3801,46
3804,410
3806,676
3809,612
3810,800
3813,527
3815,628
3816,37
3819,1183
3825,245
3826,26
3831,516
3834,633
3836,3094
3837,802
3840,528
3842,519
3843,578
3846,1300
3849,21
3852,576
3855,81
3858,211
3861,51
3862,705
3863,637
3864,567
3867,90
3870,529
3871,555
3872,537
3873,587
3876,54
3879,546
3882,681
3884,169
3885,546
3888,17
3891,37
3894,554
3897,17
3900,671
3903,876
3906,66
3909,91
3911,547
3912,3622
3913,581
3914,558
3915,515
3916,514
3918,516
3921,650
3924,271
3927,543
3929,669
3930,35
3932,568
3933,162
3936,976
3939,514
3942,235
3944,1132
3945,21
3948,521
3950,200
3951,514
3954,564
3956,642
3957,203
3960,547
3963,24
3966,516
3969,538
3971,373
3974,2807
3975,3786
3978,233
3980,59
3982,25
3984,118
3985,36
3987,518
3990,9
3993,573
3996,577
3999,287
4002,525
4005,119
4007,526
4010,640
4013,2544
4014,854
4017,111
4018,224
4020,92
4023,622
4024,92
4025,52
4027,46
4029,566
4032,541
4034,538
4037,50
4038,235
4041,644
4043,1520
4044,1581
4046,425
4049,24
4050,665
4053,809
4054,6589
4056,38
4058,641
4060,666
4062,672
4065,47
4068,156
4070,129
4071,808
4073,887
4074,1822
4076,834
4079,4031
4082,1419
4083,748
4084,779
4086,555
4089,569
4092,546
4095,1797
4097,1377
4098,1635
4100,548
4101,1319
4103,525
4104,3
4107,614
4110,622
4113,27
4115,2
4116,97
4118,516
4121,620
4124,576
4125,541
4128,575
4131,4520
4133,671
4134,536
4137,618
4143,4526
4146,515
4149,523
4152,160
4155,711
4157,517
4160,7739
4161,631
4163,520
4165,524
4168,25
4170,27
4173,624
4179,514
4185,534
4188,25
4191,24
4193,519
4196,525
4199,13
4203,523
4206,30
4209,515
4218,575
4221,525
4224,515
4227,29
4230,13
4231,19
4233,48
4236,528
4238,551
4239,599
4242,806
4245,2734
4248,68
4251,41
4254,39
4257,37
4260,539
4263,29
4266,761
4269,522
4270,27
4272,553
4275,5
4278,734
4281,611
4284,566
4287,512
4288,534
4290,29
4294,515
4296,680
4299,529
4300,851
4302,1180
4303,689
4306,521
4308,1544
4311,1147
4314,694
4315,513
4317,1219
4320,32
4323,523
4326,763
4328,1932
4329,77
4332,540
4334,577
4335,8946
4338,633
4341,531
4344,752
4347,1527
4349,686
4351,735
4353,55
4356,631
4358,580
4359,546
4365,562
4368,1985
4369,684
4372,31
4374,536
4377,15
4380,66
4382,59
4383,518
4385,543
4390,588
4392,24
4395,255
4398,9840
4402,652
4404,812
4407,611
4410,229
4413,179
4416,534
4418,529
4419,319
4421,143
4422,534
4425,115
4427,125
4428,533
4431,1105
4433,2671
4436,1676
4437,530
4440,858
4442,624
4443,1135
4445,582
4448,1550
4449,543
4451,14
4452,706
4455,542
4456,2099
4458,37
4461,550
4464,14
4468,3655
4470,14
4473,1213
4479,588
4481,668
4483,903
4484,924
4485,41
4488,564
4489,583
4490,728
4491,648
4494,47
4496,311
4498,34
4500,764
4503,22
4506,615
4507,75
4509,600
4512,350
4515,461
4518,610
4521,32
4524,5
4527,559
4528,15
4530,1773
4533,9592
4536,741
4539,984
4542,544
4548,258
4550,5
4551,516
4554,62
4557,64
4560,39
4563,528
4565,563
4568,5
4572,554
4575,3305
4578,83
4581,381
4584,27
4586,193
4589,15
4590,45
4593,31
4596,535
4599,544
4602,22
4603,634
4605,26
4607,21
4608,75
4611,614
4614,18
4617,59
4621,20032
4622,464
4624,511
4626,446
4627,114
4630,1032
4632,17
4635,681
4638,602
4639,519
4641,1666
4644,2317
4645,55
4646,2394
4649,1534
4650,513
4653,641
4656,16
4657,24
4659,382
4662,46
4665,55
4668,14
4671,11
4674,589
4677,19
4679,16
4680,553
4683,526
4686,626
4691,956
4692,516
4693,622
4695,95
4698,52
4700,139
4703,3
4706,650
4709,515
4711,36
4713,1137
4715,533
4719,18
4722,1756
4725,928
4726,26
4727,576
4730,515
4731,676
4732,225
4734,574
4737,800
4739,37
4745,27
4746,11
4749,33
4752,646
4755,526
4758,576
4759,607
4760,31
4761,71
4764,50
4770,781
4776,306
4779,625
4782,10
4785,77
4788,22
4794,932
4797,6
4798,938
4800,6
4801,51
4804,54
4806,23
4808,22
4809,529
4813,11
4814,14
4815,510
4818,524
4821,700
4823,761
4826,2
4832,35
4837,46
4839,37
4842,869
4845,4012
4847,485
4848,969
4851,773
4853,652
4854,13
4860,604
4862,540
4863,559
4866,7866
4869,569
4871,20
4872,1518
4875,203
4877,535
4884,577
4885,514
4887,726
4890,537
4893,230
4896,257
4899,754
4902,60
4905,52
4906,682
4910,796
4911,303
4914,870
4915,534
4917,427
4919,540
4923,751
4925,141
4927,21
4929,20
4935,646
4938,131
4939,167
4941,1079
4943,566
4944,190
4947,4
4950,505
4956,530
4959,621
4960,1068
4962,517
4965,534
4968,546
4969,4
4971,1127
4974,6
4977,56
4980,10
4982,517
4983,674
4986,615
4987,960
4988,29006
4989,56
4990,5181
4992,2837
4995,2112
4998,1637
5000,1075
5007,34
5010,4026
5013,95
5016,97
5019,1682
5022,453
5023,55
5025,56
5028,1222
5029,745
5030,2448
5031,1336
5034,2144
5035,402625
5037,294
5040,4865
5042,2194
5045,527
5048,1518
5050,145
5052,579
5055,9170
5058,46
5061,699
5064,793
5067,839
5068,1710
5070,1119
5073,1543
5074,5396
5076,3984
5078,21405
5079,900
5082,1183
5085,965
5087,1009
5089,1006
5090,2983
5092,2742
5093,1913
5094,1631
5096,1343
5097,1498
5100,2213
5102,1102
5104,1348
5105,1225
5106,1149
5109,790
5110,913
5112,947
5115,3774
5118,1323
5120,1204
5121,967
5124,972
5126,963
5127,898
5130,1061
5132,995
5133,998
5136,880
5138,940
5139,892
5141,1002
5142,943
5144,891
5145,784
5148,1148
5150,1054
5152,918
5154,1391
5157,1021
5159,2101
5162,5871
5163,1052
5165,538
5166,699
5169,108
5176,388
5178,2020
5182,542
5184,732
5188,6
5194,684
5196,19
5198,13
5199,536
5201,4
5204,511
5205,23
5207,4
5210,5
5211,10
5212,6
5214,4
5217,16
5219,4
5222,4
5225,5
5228,702
5230,141
5232,186
5235,1359
5238,632
5244,561
5247,28
5250,42
5253,89
5255,22
5257,1365
5258,3017
5263,142
5265,95
5266,45
5268,507
5271,561
5273,70
5274,75
5280,24
5281,517
5282,530
5283,581
5285,511
5286,613
5289,599
5292,670
5294,569
5296,46
5298,594
5301,520
5304,579
5310,2004
5313,29
5316,4
5322,5
5325,513
5326,19
5328,594
5330,601
5331,728
5339,764
5340,10
5350,507
5353,582
5354,900
5356,68
5358,585
5361,9
5366,1052
5373,536
5376,76
5385,76
5388,30
5391,506
5394,634
5397,675
5399,3
5409,502
5412,507
5420,453
5430,5
5433,9
5436,621
5439,6
5442,819
5445,555
5460,556
5465,849
5495,152
5496,554
5499,514
5511,530
5544,508
5550,2
5559,30
5562,506
5568,48
5574,515
5580,521
5583,505
5584,1576
5586,121
5589,138
5592,522
5593,537
5595,31
5598,559
5601,94
5602,246
5605,508
5607,507
5608,510
5610,695
5613,509
5616,583
5618,324
5619,746
5622,522
5628,809
5630,1936
5631,661
5634,1361
5636,73
5637,1019
5638,548
5640,907
5642,512
5643,1796
5645,657
5646,1119
5649,765
5651,17
5653,546
5655,514
5656,561
5658,526
5660,740
5663,513
5664,11
5667,26
5670,519
5672,625
5675,581
5676,71
5679,516
5685,42
5688,517
5697,21
5699,11
5700,734
5703,554
5706,58
5709,18
5712,1224
5718,605
5723,294
5726,951
5727,210
5730,3539
5733,1191
5736,122
5739,193
5742,2735
5745,479
5748,336
5749,1600
5752,1951
5754,1306
5757,86
5760,2297
5763,37
5766,1244
5767,65
5768,1672
5771,581
5774,793
5775,1059
5778,1553
5784,4446
5787,892
5788,843
5790,723
5793,1030
5799,14
5802,358
5805,2888
5808,2397
5810,272
5811,1784
5814,6108
5817,679
5823,265
5826,431
5828,170
5831,2471
5832,1162
5834,5118
5836,326
5838,1624
5840,1547
5842,131
5844,1261
5847,129
5850,4551
5853,450
5856,2859
5859,2517
5861,550
5864,776
5867,381
5868,973
5871,1949
5874,153
5877,367
5880,115
5883,129
5886,1215
5888,62
5891,5401
5892,779
5895,1098
5897,3498
5900,2851
5902,247
5903,1742
5904,491
5907,506
5910,202
5913,1119
5914,1335
5915,284
5916,1115
5919,2514
5925,2957
5927,60
5930,123
5933,947
5934,18
5937,1185
5939,986
5940,927
5943,657
5949,299
5952,458
5954,45
5955,15977
5958,1147
5960,1065
5963,273
5964,3713
5965,2734
5967,1394
5970,619
5973,1513
5976,1518
5977,710
5978,259
5980,279
5982,1483
5985,432
5988,1231
5990,256
5991,28
5993,3584
5994,822
5997,1258
6000,997
6003,1278
6006,1409
6009,1228
6012,759
6015,186
6017,507
6018,862
6024,2586
6026,807
6027,231
6030,3618
6033,126
6039,12
6044,20125
6045,47
6048,1364
6051,118
6053,80
6054,531
6057,968
6060,395
6063,141
6065,1034
6067,2273
6069,946
6071,98
6072,174
6075,394
6076,520
6078,561
6080,547
6083,515
6090,47
6093,651
6105,535
6124,684
6147,580
6156,561
6159,530
6161,564
6162,668
6165,560
6170,250
6171,701
6176,564
6177,545
6180,669
6186,677
6198,528
6215,920
6258,526
6271,514
6273,562
6289,529
6292,523
6316,722
6317,878
6322,580
6323,554
6324,538
6333,737
6341,1698
6348,772
6351,536
6356,548
6357,516
6360,900
6363,1049
6369,517
6372,565
6375,572
6384,1387
6402,756
6403,517
6405,925
6408,518
6417,10591
6419,1440
6422,670
6440,613
6444,584
6449,686
6501,540
6504,516
6507,935
6539,513
6555,1019
6585,512
6615,611
6639,992
6661,813
6684,513
6708,850
6717,843
6730,517
6732,513
6753,915
6756,1765
6837,524
6858,665
6884,516
6914,515
7020,517
7022,523
7028,587
7060,1028
7124,1114
7134,2104
7206,518
7239,519
7317,575
7323,563
7365,530
7384,623
7536,3062
7538,1829
7539,698
7541,69
7542,5850
7544,2142
7546,1345
7547,49
7548,17269
7553,311
7554,521
7555,580
7557,1450
7560,106
7563,123
7565,603
7568,728
7570,1887
7572,622
7575,263
7577,78
7578,64
7581,763
7584,585
7586,583
7589,541
7590,86
7593,533
7596,641
7599,1005
7602,550
7605,23
7608,580
7611,600
7614,616
7616,2376
7617,1425
7620,646
7622,2257
7623,550
7626,637
7627,11091
7628,1321
7629,736
7631,598
7633,1614
7635,1462
7637,2063
7639,4899
7641,61
7643,168
7646,97
7647,797
7650,910
7652,2158
7653,585
7656,1122
7659,856
7661,587
7662,2253
7665,2504
7668,554
7671,656
7673,748
7676,684
7677,746
7680,693
7683,101
7686,62
7688,36
7691,974
7694,1219
7695,631
7697,28
7698,646
7704,779
7705,58
7707,879
7710,18
7712,652
7713,1066
7716,319
7719,617
7720,771
7722,714
7725,612
7728,473
7730,91
7731,897
7733,115
7736,604
7739,627
7741,518
7744,123
7746,717
7749,763
7751,62
7752,436
7755,551
7758,800
7761,83
7764,654
7766,652
7768,693
7771,1750
7773,19
7776,845
7779,906
7780,831
7782,732
7785,554
7788,181
7790,15
7793,1119
7794,177
7797,521
7800,1192
7803,967
7806,789
7809,533
7812,972
7815,1061
7818,557
7820,1978
7821,1120
7824,3045
7826,3840
7827,50
7830,90
7833,1146
7836,904
7837,98
7839,49
7842,699
7845,1041
7846,898
7848,662
7851,59
7854,1264
7857,587
7858,1185
7861,94
7862,1008
7863,112
7866,3901
7869,956
7872,668
7873,534
7875,926
7876,392
7879,25
7881,674
7883,137
7885,1413
7887,1057
7890,523
7891,562
7893,1837
7895,750
7896,110
7898,613
7899,55
7902,788
7905,23
7908,569
7911,745
7912,644
7914,1169
7917,11268
7920,658
7923,52
7926,35
7929,543
7930,1501
7932,635
7935,1357
7938,675
7941,2946
7942,1287
7943,552
7946,765
7949,1227
7950,681
7953,823
7956,657
7958,559
7959,754
7962,45
7963,611
7965,18
7966,547
7969,198
7972,678
7973,530
7975,546
7976,617
7977,595
7979,79
7980,649
7983,144
7985,43
7988,570
7989,620
7992,729
7995,661
7997,1857
7998,2283
7999,628
8001,576
8003,202
8004,1021
8007,1019
8009,552
8010,536
8013,1025
8014,547
8016,567
8019,654
8021,444
8022,758
8025,709
8027,697
8028,24
8031,1304
8034,750
8036,576
8038,1633
8041,774
8043,892
8046,636
8049,1404
8052,602
8055,784
8056,824
8057,2173
8058,653
8060,726
8063,757
8064,831
8065,1594
8067,580
8070,1467
8073,146
8074,180
8075,863
8078,149
8081,522
8082,81
8084,550
8085,660
8088,597
8090,567
8091,19
8094,548
8097,96
8100,630
8102,678
8103,764
8106,531
8109,2332
8111,1174
8114,540
8115,1260
8118,902
8121,722
8123,644
8126,3617
8127,53
8129,534
8130,64
8131,704
8133,874
8136,539
8139,664
8142,113
8144,724
8146,605
8148,155
8150,919
8151,524
8154,608
8155,143
8157,127
8158,29
8159,151
8162,556
8163,622
8164,1440
8165,988
8166,660
8169,875
8171,72
8172,418
8175,90
8176,365
8177,2238
8178,596
8181,26
8184,796
8185,3168
8188,221
8190,1651
8193,2234
8196,876
8199,1129
8202,30
8205,2024
8208,932
8211,985
8213,2316
8214,851
8216,532
8219,132
8220,904
8223,1137
8226,610
8229,946
8232,540
8235,452
8238,207
8241,32
8244,732
8246,31
8247,1354
8250,205
8253,585
8256,1632
8257,849
8258,201
8259,1457
8262,818
8265,284
8268,21
8271,524
8273,1429
8275,86
8277,664
8279,678
8282,552
8283,946
8285,533
8286,667
8289,761
8291,803
8292,587
8295,573
8298,672
8301,50
8304,589
8306,633
8309,537
8310,654
8313,227
8316,995
8318,671
8321,1582
8322,145
8324,678
8325,711
8328,874
8331,1046
8332,548
8334,1147
8337,255
8340,1133
8343,552
8345,627
8346,646
8349,712
8352,1109
8355,571
8358,684
8361,171
8364,596
8367,598
8370,869
8373,340
8376,134
8377,1945
8379,992
8382,337
8385,621
8388,627
8391,899
8394,791
8395,779
8397,1109
8400,69
8402,646
8403,532
8406,1193
8408,1778
8411,1533
8414,360
8416,718
8418,100
8420,841
8421,571
8424,666
8427,812
8430,616
8433,34
8436,866
8439,1945
8440,118
8441,35
8442,2055
8445,2596
8448,226
8450,541
8451,606
8454,548
8455,591
8457,106
8460,327
8461,821
8463,1161
8465,344
8466,584
8469,39
8472,200
8475,567
8478,781
8481,1322
8483,1004
8484,900
8486,712
8487,555
8488,1378
8490,1262
8493,1150
8495,17902
8498,772
8500,2900
8502,1151
8503,83
8505,585
8508,40
8510,69
8513,545
8516,1869
8519,610
8521,82
8523,868
8525,849
8526,1780
8528,691
8529,114
8531,925
8532,587
8535,560
8538,581
8541,5540
8544,643
8545,533
8546,1917
8547,930
8549,622
8550,64
8553,994
8554,71
8556,154
8559,1213
8561,104
8562,46
8565,810
8568,175
8570,169
8571,88
8574,869
8577,5395
8578,1056
8580,631
8581,1220
8583,1867
8586,1372
8589,2450
8591,867
8594,414
8597,566
8599,870
8600,715
8601,53
8604,896
8607,1697
8608,609
8610,137
8613,1369
8616,534
8618,842
8619,759
8621,819
8624,572
8626,693
8628,35
8631,923
8634,1182
8636,966
8637,527
8640,15686
8643,793
8646,799
8647,1514
8649,1533
8652,828
8655,654
8657,1911
8658,1899
8661,4335
8664,190
8667,1449
8669,693
8670,565
8673,728
8676,145
8677,1647
8678,52
8681,958
8684,19
8685,303
8687,831
8688,45
8691,661
8694,14532
8699,711
8700,945
8702,895
8705,660
8706,735
8707,910
8709,147
8712,913
8713,1040
8716,885
8719,593
8721,638
8724,2796
8726,715
8729,2759
8732,204
8733,845
8734,638
8736,648
8738,663
8739,848
8742,21
8745,578
8748,1509
8751,726
8754,54
8757,918
8760,194
8762,550
8763,6250
8766,1088
8769,41
8771,1757
8772,537
8775,24
8776,731
8778,184
8781,1004
8784,24
8787,670
8789,112
8790,213
8793,620
8796,629
8799,702
8802,787
8805,556
8808,620
8811,964
8814,589
8816,1559
8817,576
8820,911
8821,586
8822,886
8824,376
8826,42
8829,1038
8832,132
8833,404
8836,726
8837,1195
8840,77
8841,743
8842,570
8845,2493
8847,996
8848,1210
8850,644
8853,1350
8856,605
8859,157
8862,3191
8865,737
8868,586
8871,1029
8874,1387
8877,1582
8880,2393
8883,627
8886,6
8889,24
8892,636
8894,480
8896,349
8899,863
8901,1360
8904,1203
8907,35
8910,1132
8911,559
8913,1810
8916,442
8919,1901
8922,117
8925,3471
8927,610
8930,548
8931,699
8934,572
8937,599
8939,1234
8941,1337
8944,4162
8945,626
8947,533
8949,98
8952,185
8953,640
8954,1121
8955,1548
8958,1279
8961,1091
8964,1504
8967,67
8970,49
8972,817
8975,90
8978,16
8979,761
8982,532
8985,73
8987,524
8988,36
8991,937
8994,1493
8997,1328
9000,96
9003,27
9006,558
9009,773
9010,167
9012,20
9015,1812
9017,927
9018,650
9019,7849
9021,790
9022,213
9024,1140
9027,843
9030,1534
9033,784
9036,21
9038,139
9041,869
9044,943
9045,702
9048,564
9051,1841
9054,813
9055,888
9057,1295
9060,761
9062,552
9065,31
9068,890
9069,684
9072,688
9074,165
9075,1248
9078,1128
9081,555
9084,50
9087,871
9090,618
9093,670
9096,217
9097,1641
9098,541
9100,548
9101,88
9104,126
9105,709
9107,108
9110,980
9113,601
9114,244
9117,552
9119,653
9122,528
9123,580
9126,529
9128,977
9129,592
9132,105
9135,80
9138,1170
9141,92
9142,1538
9144,620
9147,143
9150,2342
9153,626
9155,841
9156,1311
9159,802
9161,1623
9162,586
9165,607
9167,803
9170,542
9173,219
9176,1009
9179,671
9180,489
9182,632
9183,811
9186,837
9189,1020
9192,581
9195,1094
9197,816
9199,1410
9201,36
9204,35
9207,1259
9209,609
9210,776
9213,816
9216,1815
9219,1656
9222,1084
9225,799
9227,713
9229,256
9231,660
9234,1363
9237,911
9239,134
9240,1118
9242,856
9245,658
9246,622
9249,937
9252,20
9254,526
9255,1152
9258,1561
9261,1036
9263,117
9265,33
9267,903
9270,1546
9273,871
9276,933
9279,642
9282,670
9285,654
9288,691
9291,94
9292,2409
9295,832
9296,755
9297,1282
9300,256
9302,153
9303,990
9306,1406
9308,45
9309,984
9312,169
9315,808
9318,1411
9320,1227
9321,90
9324,24
9327,607
9330,700
9331,125
9333,25
9336,52
9339,1008
9342,830
9345,101
9348,94
9351,180
9354,953
9356,39
9359,1300
9360,646
9363,965
9366,696
9369,784
9372,645
9373,936
9374,1282
9377,110
9378,642
9381,1135
9384,1152
9387,640
9390,1244
9392,698
9393,758
9395,851
9396,824
9399,21
9402,84
9405,57
9407,64
9408,571
9411,655
9414,652
9417,89
9420,1494
9422,846
9425,555
9428,543
9429,954
9432,620
9434,36
9435,606
9437,1068
9438,586
9440,1440
9441,150
9444,533
9447,1386
9449,566
9450,460
9452,1965
9454,66
9455,885
9456,612
9459,762
9462,49
9465,1163
9466,836
9468,700
9471,717
9474,547
9477,892
9479,45
9480,157
9482,218
9485,2158
9486,2106
9489,530
9492,851
9494,219
9496,563
9499,112
9501,1006
9503,30
9504,687
9507,2881
9510,437
9513,579
9516,82
9519,550
9522,706
9525,33943
9531,1035
9535,564
9540,1332
9543,828
9549,29
9552,5037
9555,2407
9556,292
9557,580
9560,33447
9563,1025
9564,627
9567,800
9572,62
9573,1024
9574,1849
9575,75
9576,2319
9582,581
9585,1483
9587,2137
9588,513
9597,6484
9600,5112
9606,126
9609,508
9612,553
9615,1681
9618,219
9621,551
9623,2254
9625,71
9626,16454
9627,46
9630,617
9639,332
9642,90
9645,7
9648,42
9651,661
9669,540
9684,764
9696,583
9699,521
9703,94
9711,822
9715,1590
9720,28
9734,523
9738,753
9740,507
9741,244
9750,32
9753,35
9762,687
9765,66
9768,8309
9771,26
9781,76
9784,612
9786,510
9795,534
9800,1999
9804,2497
9828,521
9831,604
9839,538
9840,1198
9842,507
9850,507
9855,511
9858,529
9861,38
9866,5120
9869,511
9873,206
9876,37
9893,507
9897,4906
9900,514
9905,507
9912,555
9915,966
9923,1123
9927,514
9936,507
9947,637
9953,116
9959,507
9960,2807
9963,695
9968,652
9969,507
9978,508
9981,565
9984,564
9986,117
9987,1194
9990,641
9999,508
10014,565
10026,513
10043,507
10053,578
10058,513
10062,11
10095,104
10104,19285
10113,85
10115,272
10125,509
10137,538
10152,513
10157,17
10172,14
10176,24
10184,567
10204,508
10205,873
10206,271
10208,714
10209,40
10215,505
10218,30
10222,512
10224,381
10260,511
10265,507
10269,513
10284,682
10289,506
10305,117
10308,104
10311,542
10323,672
10330,509
10341,520
10353,511
10370,510
10374,515
10377,5394
10380,12926
10383,715
10389,528
10392,511
10395,519
10401,63
10404,513
10415,523
10422,507
10425,508
10435,519
10443,508
10458,512
10464,512
10475,514
10491,507
10495,519
10506,513
10518,524
10548,1066
10551,511
10572,2159
10581,1095
10611,509
10620,22
10622,47
10629,780
10635,510
10639,849
10647,507
10650,510
10653,216
10656,561
10671,512
10674,558
10678,525
10686,507
10688,508
10720,509
10729,509
10734,509
10739,521
10743,65
10745,85
10746,31
10748,556
10749,1252
10752,776
10754,2132
10757,299
10758,1318
10761,922
10764,901
10770,139
10779,26
10788,511
10795,566
10802,35
10812,506
10815,508
10816,512
10823,659
10830,594
10836,30
10841,511
10842,16843
10845,508
10847,616
10850,836
10854,508
10860,643
10869,1885
10872,2800
10875,862
10877,718
10879,1879
10880,1030
10887,215
10895,603
10899,573
10902,167
10905,1297
10917,88
10919,3409
10920,59
10929,568
10938,547
10941,902
10947,1013
10953,312
10957,41
10968,38
10975,107
10977,119
10990,525
10998,2266
11004,518
11007,510
11018,509
11019,514
11028,524
11029,534
11037,557
11040,508
11060,510
11070,506
11072,506
11073,520
11079,1652
11081,1973
11085,522
11091,527
11094,508
11096,524
11097,506
11099,582
11103,709
11106,596
11115,112
11118,40
11124,172
11127,48
11130,8757
11147,1536
11149,522
11154,998
11157,270
11160,1810
11164,68
11175,556
11178,1281
11184,81
11187,110
11193,512
11196,536
11211,11
11220,82
11224,582
11225,525
11229,1251
11277,3475
11285,1620
11289,518
11292,28
11313,537
11358,510
11361,509
11365,507
11370,529
11382,523
11424,511
11440,516
11454,87330
11456,22184
11457,77615
11459,2984
11460,2070
11463,10531
11466,692
11469,2897
11470,7281
11473,1857
11475,8695
11477,28375
11478,1246
11480,1005
11481,1289
11484,1297
11487,4242
11490,3295
11492,2704
11493,2172
11496,515
11499,538
11502,41685
11508,543
11510,508
11524,1680
11541,516
11582,848
11583,521
11588,8671
11591,526
11595,512
11596,510
11598,519
11601,556
11604,22
11612,523
11619,539
11634,540
11643,875
11654,511
11664,2614
11667,773
11673,514
11688,692
11692,846
11694,517
11698,213
11709,542
11711,523
11712,535
11715,518
11721,638
11735,12930
11737,609
11748,764
11753,1163
11755,693
11757,508
11764,2541
11772,1464
11775,571
11776,565
11780,1035
11787,636
11790,615
11792,571
11800,640
11803,507
11805,712
11808,520
11814,899
11818,533
11826,3
11829,532
11830,562
11837,509
11841,588
11844,521
11849,17720
11862,1415
11865,650
11867,531
11871,661
11873,719
11881,681
11886,598
11892,1577
11895,866
11910,509
11922,626
11928,661
11931,508
11933,566
11936,571
11939,5168
11942,3606
11955,1209
11967,517
11973,106
11976,2448
11984,569
11988,938
11991,3
11994,50
11997,723
12000,570
12003,90
12009,10079
12011,5713
12021,2053
12024,476
12027,359
12030,899
12033,284
12039,157
12090,2546
12139,903
12141,1127
12144,700
12147,381
12150,194
12152,46
12153,101
12156,55
12159,36
12162,147
12165,179
12168,907
12171,1763
12174,132
12177,575
12178,286
12180,75
12183,233
12184,182
12185,115
12202,153
12207,362
12211,32
12218,694
12224,27
12227,19
12233,9
12239,30
12240,92
12242,127
12250,21
12254,43
12258,1022
12259,31
12275,92
12278,681
12280,125
12285,389
12293,40
12294,11
12299,124
12305,27
12309,168
12311,444
12312,66
12315,19
12338,586
12344,97
12348,739
12353,310
12356,1048
12366,6
12379,138
12385,490
12386,2
12387,9
12390,2467
12391,916
12393,192
12394,334
12395,159
12396,2
12401,71
12402,164
12403,79
12404,462
12405,380
12411,60
12430,104
12433,15
12434,188
12435,406
12437,381
12439,966
12440,72
12443,31
12446,1306
12447,111
12449,2122
12450,156
12453,681
12454,103
12512,6
12521,50
12522,10
12523,57
12524,3
12529,34
12532,40
12533,32818
12537,53
12538,72
12541,518
12545,11
12546,167
12547,101
12548,3
12549,3
12550,170
12551,413
12552,562
12553,127
12554,77
12555,53
12556,464
12557,122
12558,28
12559,491
12560,292
12561,5545
12562,7
12563,571
12564,10
12565,14
12566,130
12567,15
12568,3
12569,20
12570,586
12571,277
12572,271
12573,1182
12575,135
12576,16
12577,26
12578,15
12579,407
12580,14
12585,9
12590,236
12594,3
12604,156
12612,2308
12613,2
12615,41
12624,6
12627,135
12631,39
12634,274
12640,119
12644,886
12647,132
12653,4
12655,405
12666,55
12677,41
12683,313
12688,47
12695,206
12697,7
12707,163
12730,7
12740,83
12755,11
12765,20
12768,304
12773,11
12776,29
12779,47
12782,5
12784,138
12808,55
12814,1065
12822,2
12829,31
12832,111
12838,255
12839,166
12846,52
12849,3
12857,837
12859,92
12866,59
12875,5
12880,4267
12887,134
12890,83
12895,1256
12901,282
12902,27
12909,15
12932,14
12935,33
12941,97
12944,1326
12950,21
12953,81
12956,1513
12972,129
12986,20
12999,61
13000,79
13008,9
13011,104
13014,5
13018,11
13031,121
13037,38
13042,135
13048,243
13052,47
13061,77
13062,124
13065,211
13067,11
13081,231
13083,28
13087,21
13088,352
13090,2115
13091,60
13092,219
13106,46
13108,10
13125,50
13162,3
13175,82
13192,6
13194,210
13196,18
13212,2
13215,2
13216,7
13218,8
13235,44
13245,11
13253,198
13269,14
13278,48
13297,3
13302,15
13306,25
13308,7
13312,10
13327,2
13330,8
13357,23
13359,2
13363,16
13372,32
13383,9
13393,3
13438,4
13451,19
13463,17
13478,366
13500,4
13502,2295
13505,7
13512,7
13531,94
13536,3
13549,35
13573,132
13582,875
13585,144
13590,48
13594,1423
13607,4
13620,10
13624,37
13627,24
13634,13
13635,59
13637,105
13642,62
13650,16613
13653,377
13655,3
13657,42
13662,21
13667,12
13672,13
13677,37
13682,8
13685,14
13691,102
13696,62
13700,1369
13703,21
13708,14
13714,76
13721,481
13728,24
13733,9
13748,72
13751,18
13754,3
13766,29
13770,22
13773,315
13778,532
13779,129
13781,21
13790,175
13796,12
13799,55
13804,1672
13810,12
13813,68
13816,59
13822,30
13829,42
13836,8
13843,608
13846,4583
13847,263
13849,14
13886,84
13894,15
13904,6
13905,33
13906,10
13907,29
13908,12
13918,7
13921,307
13931,10
13933,42
13941,335
13947,89
13949,71
13952,43
13956,2
13957,393
13960,174
13961,28
13963,13
13973,39
13976,3646
13979,50
14001,8
14002,25
14003,272
14011,174
14020,25
14025,48
14031,5
14035,27
14042,18
14046,11
14050,7
14058,73
14062,265
14064,199
14070,1447
14073,4
14080,18
14083,419
14089,42
14091,104
14097,8
14105,142
14108,48
14197,2
14199,46
14240,13
14411,11
14438,3
14663,20
14666,35
14690,4
14704,100
14758,10
14816,16
14858,3
14960,2
14969,2
15076,448
15104,5
15145,18
15186,35
15203,3
15230,3
15272,9
15278,7
15305,4
15470,10
15566,2
15629,35
15775,3
15830,64
15836,9
15980,11
15996,59
16036,199
16042,8
16057,24
16151,3
16222,28
16223,42
16312,340
16580,3
16630,14
16666,33
16688,5
16694,4
16724,4
16727,31
16878,392
16880,105
16882,28
16889,82
16892,15
16907,87
16910,5
16915,3
17257,2
17925,23
17926,24
17999,2
18110,5
18176,24
18185,6
18209,44
18213,58
18215,54
18226,25
18232,178
18235,51
18239,40
18242,21
18250,70
18251,7
18257,3
18261,17
18266,12
18269,8
18275,3
18293,6
18296,4
18299,6
18302,23
18305,20
18308,3
18311,7
18314,21
18317,30
18320,14
18323,15
18326,45
18329,20
18330,125
18331,10
18332,8
18341,30
18343,2
18346,21
18349,28
18352,147
18359,184
18361,3
18362,86
18365,15
18368,13
18449,3
18614,2
19544,6
19668,12
20504,12
21098,3
21554,2
21704,4
21719,4
22025,2
22622,3
22967,58
23000,185
23234,115
23235,8
23348,21
23647,5
23759,85
24256,5
24379,2
24613,3
24851,55
24995,27
25129,10
25184,4
25186,14
25199,17
25202,9
25216,6
25292,4
25331,26
25364,11
25383,168
25385,10
25391,102
25393,45
25402,24
25406,48
25410,52
25414,3
25417,16
25422,3
25426,2
25432,39
25436,247
25442,117
25447,289
25450,37
25455,399
25460,116
25465,1242
25466,113
25471,141
25477,7
25481,29
25488,29
25489,8
25495,99
25499,355
25510,75
25513,123
25537,14
25539,17
25544,47
25548,54
25553,111
25559,421
25567,13
25568,6
25586,95
25601,22
25607,4
25610,11
25621,33
25624,84
25630,262
25635,4
25651,15
25653,34
25659,27
25664,59
25669,4
25671,32
25675,85
25680,19
25684,4
25687,179
25689,1899
25692,2
25695,121
25699,44
25705,83
25710,42
25716,1665
25717,21
25723,12
25726,12
25729,252
25732,4
25735,5
25737,118
25740,128
25750,27
25759,14
25762,18
25766,10
25767,56
25774,284
25776,4
25777,19
25783,11
25787,10
25790,19
25798,32
25814,299
25819,279
25825,162
25836,30
25837,214
25841,7
25846,23
25851,73
25857,76
25861,1240
25864,3
25869,909
25870,10
25872,224
25876,293
25882,308
25890,17
25893,76
25894,3
25897,207
25899,4
25912,18
25919,328
25920,72
25923,227
25952,9
25954,49
25958,8
25962,13
25967,22
25970,2
25976,4
26015,25
26036,28
26045,83
26050,132
26054,274
26058,143
26061,20
26064,23
26067,17
26070,10
26073,19
26077,851
26084,94
26089,84
26092,53
26097,585
26098,658
26101,467
26103,5
26109,6
26116,3
26119,2
26125,2
26128,2
26131,2
26139,3
26142,3
26147,25
26150,2
26152,3
26155,42
26158,2
26161,2
26164,2
26167,2
26169,2
26172,2
26173,128
26185,59
26196,88
26209,8
26212,4
26223,29
26233,490
26236,198
26248,493
26257,21
26267,1018
26273,61
26282,8
26286,49
26293,119
26294,7
26297,299
26299,446
26302,322
26305,204
26311,216
26314,3
26317,407
26323,257
26324,6
26332,14
26335,176
26352,11
26356,49
26368,583
26371,43
26373,8
26375,50
26376,2
26381,134
26384,9
26387,23
26394,112
26401,69
26403,16
26407,317
26410,6
26413,144
26414,4
26417,95
26419,154
26422,34
26426,53
26430,44
26432,235
26436,37
26439,436
26447,105
26450,12
26453,6
26454,24
26459,43
26462,39
26465,6
26468,27
26472,16
26474,26
26477,132
26480,13
26486,66
26489,4
26490,30
26493,874
26495,32
26504,229
26506,3
26508,109
26522,34
26524,4
26527,17
26529,3
26531,258
26533,17
26542,167
26543,1172
26544,18
26545,30
26546,6
26549,181
26551,305
26557,39
26560,190
26562,104
26564,73
26565,568
26567,117
26576,230
26578,5
26581,10
26584,92
26586,4387
26593,86
26595,3
26596,1533
26631,276
26662,2
26663,254
26683,204
26687,50
26755,1029
26758,299
26761,101
26776,1413
26779,28
26783,31
26786,63
26790,61
26794,20
26806,64
26808,11
26809,14
26815,91
26827,253
26830,227
26835,42
26845,559
26846,168
26848,50
26849,33
26850,409
26853,880
26855,5
26858,104
26860,29
26863,24
26864,260
26867,31
26868,73
26871,10
26875,26
26878,32
26879,42
26881,659
26883,10
26890,15
26893,401
26899,552
26902,4
26903,8
26906,69
26908,384
26914,208
26918,134
26919,379
26921,127
26924,3
26926,59
26929,101
26932,4
26934,10
26936,18
26938,30
26939,33
26942,117
26943,16
26945,99
26948,105
26951,123
26957,449
26960,10
26963,197
26965,105
26968,4892
26970,136
26973,166
26975,128
26976,36
26979,5
26980,64
26983,4
26986,545
26988,7
26991,12
26994,44
26997,7
27000,256
27003,53
27015,2
27018,40
27030,9
27033,3
27039,6
27042,295
27047,38
27050,8
27053,12
27056,208
27058,22
27061,473
27064,10
27067,20
27073,279
27075,11
27081,97
27087,70
27090,321
27093,10
27096,34
27102,19
27105,18
27111,75
27122,42
27125,965
27144,42
27147,155
27153,511
27154,413
27157,346
27160,15
27163,305
27166,96
27178,673
27184,131
27187,66
27190,128
27196,13
27199,598
27217,44
27220,377
27232,76
27244,252
27253,620
27256,253
27259,46
27265,490
27268,67
27271,95
27274,150
27307,92
27334,107
27337,7
27340,289
27343,14
27346,22
27349,1442
27361,123
27391,32
27460,10
27466,3
27469,157
27475,3
27481,12
27487,19
27499,162
27598,2
27646,192
27658,68
27664,53
27676,5
27724,11
27736,241
27739,113
27742,54
27745,97
27757,92
27760,55
27763,6
27783,4026
27789,4
27792,3
27804,11
27822,211
27831,2
27843,3
27846,9
27855,8
27869,141
27902,810
27911,2
27942,12
27948,36
27950,12
27953,70
27956,7
28034,58
28086,358
28088,70
28094,1323
28101,290
28105,10
28108,88
28111,48
28114,23
28117,12
28120,5
28123,4
28126,7
28129,5
28132,4
28135,4
28138,4
28141,4
28144,5
28147,5
28150,6
28153,5
28156,59
28159,5
28162,6
28165,3
28168,6
28171,6
28174,15
28177,5
28180,8
28183,4
28186,11
28189,5
28192,3
28195,9
28198,5
28201,9
28204,10
28207,12
28210,51
28213,3
28216,3
28219,3
28222,10
28225,18
28228,4
28231,4
28234,4
28237,4
28240,4
28243,4
28246,4
28249,4
28252,4
28255,4
28258,4
28261,7
28264,4
28267,22
28270,6
28273,34
28276,6
28279,7
28282,6
28285,3
28288,3
28291,3
28294,242
28297,68
28300,6
28303,6
28306,6
28309,6
28312,6
28315,6
28318,6
28321,15
28324,5
28327,15
28330,4
28333,6
28336,4
28339,124
28342,21
28345,3
28348,3
28351,3
28354,5
28357,5
28360,29
28363,4
28366,4
28369,4
28372,4
28375,4
28378,4
28381,3
28384,3
28387,15
28390,4
28393,142
28396,23
28399,9
28402,6
28405,5
28408,13
28411,6
28414,4
28417,6
28420,5
28423,11
28426,4
28429,35
28432,4
28435,24
28438,3
28441,4
28444,177
28447,3
28450,4
28453,11
28456,7
28459,14
28462,3
28465,19
28468,19
28471,4
28474,18
28477,3
28480,13
28483,5
28486,4
28489,4
28492,4
28495,4
28498,4
28501,4
28504,4
28507,5
28510,5
28513,5
28516,3
28519,18
28522,5
28525,5
28528,13
28531,7
28534,5
28537,6
28540,6
28543,6
28546,5
28549,5
28552,5
28555,21
28558,5
28561,6
28564,5
28567,5
28570,7
28573,4
28576,6
28579,164
28582,4
28585,64
28588,11
28591,11
28594,4
28597,20
28600,5
28603,4
28606,4
28609,4
28612,12
28615,21
28618,8
28621,4
28624,40
28627,3
28630,4
28633,22
28636,6
28639,4
28642,11
28645,25
28648,5
28651,45
28654,3
28657,5
28660,3
28663,5
28666,7
28669,8
28672,6
28675,4
28678,7
28681,4
28684,5
28687,3
28690,24
28693,14
28696,94
28699,3
28702,4
28705,4
28708,6
28711,13
28714,4
28717,4
28720,15
28723,13
28726,4
28729,14
28732,4
28735,40
28738,4
28741,71
28744,3
28747,3
28750,7
28753,4
28756,11
28759,3
28762,4
28765,11
28768,4
28771,4
28774,4
28777,14
28780,25
28783,3
28786,21
28789,4
28792,3
28795,4
28798,4
28801,20
28804,3
28807,4
28810,3
28813,3
28816,3
28819,3
28822,9
28825,4
28828,4
28831,3
28834,4
28837,35
28840,5
28843,16
28846,16
28849,4
28852,10
28855,4
28858,3
28861,6
28864,4
28867,143
28870,3
28873,4
28876,8
28879,11
28882,3
28885,6
28888,4
28891,72
28894,6
28897,4
28900,4
28903,4
28906,3
28909,8
28912,3
28915,14
28918,5
28921,4
28924,4
28927,4
28930,4
28933,4
28936,4
28939,4
28942,6
28945,7
28948,4
28951,5
28954,4
28957,47
28960,5
28963,5
28966,5
28969,5
28972,6
28975,7
28978,4
28981,4
28984,8
28987,27
28990,3
28993,5
28996,4
28999,9
29002,4
29005,4
29008,11
29011,3
29014,5
29017,3
29020,5
29023,5
29026,6
29029,4
29032,3
29035,4
29038,4
29041,5
29044,9
29047,215
29050,4
29053,3
29056,5
29059,10
29062,7
29065,4
29068,7
29071,12
29074,4
29077,6
29080,3
29083,18
29086,7
29089,5
29092,5
29095,5
29098,6
29101,5
29104,5
29107,5
29110,5
29113,12
29116,5
29119,7
29122,4
29125,30
29128,11
29131,7
29134,10
29137,10
29140,4
29143,4
29146,5
29149,4
29152,5
29155,4
29158,6
29161,3
29164,3
29167,19
29170,28
29173,4
29176,365
29179,4
29182,4
29185,4
29188,79
29191,7
29194,6
29197,7
29200,3
29203,10
29206,5
29209,14
29212,4
29215,3
29218,3
29221,3
29224,3
29227,58
29230,13
29233,5
29236,3
29239,4
29242,4
29245,3
29248,3
29251,13
29254,5
29257,4
29260,3
29263,3
29266,5
29269,24
29272,4
29275,19
29278,4
29281,5
29284,5
29287,3
29290,12
29293,14
29296,5
29299,7
29302,5
29305,31
29308,3
29311,5
29314,3
29317,17
29320,4
29323,8
29326,7
29329,26
29332,3
29335,11
29338,5
29341,4
29344,5
29347,7
29350,5
29353,4
29356,5
29359,4
29362,6
29365,4
29368,3
29371,3
29374,3
29377,3
29380,3
29383,4
29386,4
29389,3
29392,4
29395,11
29398,4
29401,5
29404,3
29407,170
29410,11
29413,5
29416,11
29419,3
29422,4
29425,11
29428,4
29431,5
29434,3
29437,6
29440,5
29443,61
29446,94
29449,5
29452,13
29455,5
29458,81
29461,4
29464,3
29467,8
29470,5
29473,3
29476,4
29479,4
29482,5
29485,9
29488,3
29491,4
29494,13
29497,3
29500,4
29503,19
29506,16
29509,9
29512,3
29515,5
29518,107
29521,51
29524,172
29527,14
29530,4
29533,3
29536,5
29539,5
29542,5
29545,7
29548,5
29551,7
29554,4
29557,30
29560,3
29563,3
29566,4
29569,3
29572,3
29575,5
29578,5
29581,3
29584,21
29587,5
29590,3
29593,3
29596,4
29599,4
29602,4
29605,12
29608,3
29611,96
29614,3
29617,3
29620,3
29623,3
29626,4
29629,4
29632,8
29635,11
29638,5
29641,4
29644,4
29647,3
29650,4
29653,19
29656,3
29659,4
29662,3
29665,4
29668,4
29671,9
29674,5
29677,13
29680,4
29683,8
29686,17
29689,9
29692,5
29695,6
29698,5
29701,6
29704,4
29707,198
29710,3
29713,32
29716,3
29719,3
29722,7
29725,4
29728,5
29731,5
29734,4
29737,57
29740,5
29743,3
29746,5
29749,8
29752,4
29755,3
29758,4
29761,3
29764,5
29767,36
29770,27
29773,3
29776,4
29779,4
29782,7
29785,4
29788,4
29791,421
29794,7
29797,11
29800,9
29803,6
29806,19
29809,410
29812,7
29815,3
29818,7
29821,5
29824,5
29827,6
29830,8
29833,4
29836,4
29839,3
29842,4
29845,11
29848,24
29851,16
29854,3
29857,21
29860,14
29863,36
29866,24
29869,5
29872,22
29875,4
29878,11
29881,12
29884,3
29887,5
29890,77
29893,5
29896,8
29899,19
29902,10
29905,7
29908,6
29911,4
29914,9
29917,3
29920,3
29923,8
29926,6
29929,3
29932,4
29935,8
29938,18
29941,4
29944,5
29947,3
29950,3
29953,3
29956,3
29959,18
29962,14
29965,15
29968,4
29971,6
29974,3
29977,9
29980,18
29983,4
29986,3
29989,15
29992,3
29995,16
29998,5
30001,7
30004,5
30007,4
30010,4
30013,13
30016,7
30019,5
30022,71
30025,4
30028,4
30031,4
30034,5
30037,3
30040,3
30043,4
30046,17
30049,3
30052,4
30055,12
30058,4
30061,4
30064,10
30067,5
30070,4
30073,13
30076,3
30079,26
30082,6
30085,1322
30088,4
30091,4
30094,20
30097,4
30100,11
30103,7
30106,4
30109,29
30112,9
30115,111
30118,17
30121,10
30124,4
30127,23
30130,6
30133,4
30136,21
30139,5
30142,4
30145,8
30148,4
30151,4
30154,5
30157,6
30160,100
30163,21
30166,786
30169,14
30172,16
30175,4
30178,5
30181,6
30184,4
30187,4
30190,3
30193,22
30196,18
30199,4
30202,4
30205,16
30208,3
30211,4
30214,23
30217,240
30220,37
30223,10
30226,3
30229,3
30232,3
30235,40
30238,17
30241,3
30244,3
30247,45
30250,3
30253,4
30256,3
30259,7
30262,3
30265,5
30268,8
30271,7
30274,3
30277,7
30280,9
30283,19
30286,6
30289,9
30292,4
30295,8
30298,6
30301,198
30304,4
30307,5
30310,63
30313,10
30316,13
30319,20
30322,78
30325,4
30328,6
30331,16
30334,19
30337,4
30340,5
30343,43
30346,4
30349,7
30352,13
30355,5
30358,6
30361,7
30364,4
30367,3
30370,62
30373,4
30376,92
30379,5
30382,4
30385,4
30388,3
30391,4
30394,3
30397,4
30400,3
30403,4
30406,10
30409,19
30412,5
30415,22
30418,3
30421,4
30424,6
30427,6
30430,14
30433,66
30436,5
30439,4
30442,7
30445,8
30448,3
30451,22
30454,4
30457,11
30460,180
30463,4
30466,4
30469,104
30472,6
30475,33
30478,4
30481,3
30484,20
30487,3
30490,6
30493,4
30496,5
30499,5
30502,9
30505,8
30508,14
30511,4
30514,3
30517,44
30520,7
30523,4
30526,6
30529,11
30532,18
30535,4
30538,468
30541,4
30544,3
30547,3
30550,4
30553,8
30556,249
30559,4
30562,8
30565,201
30568,3
30571,9
30574,34
30577,5
30580,4
30583,5
30586,18
30589,10
30592,13
30595,4
30598,104
30601,4
30604,10
30607,3
30610,7
30613,75
30616,6
30619,4
30622,4
30625,9
30628,13
30631,5
30634,3
30637,4
30640,10
30643,3
30646,3
30649,31
30652,4
30655,5
30658,7
30661,4
30664,7
30667,3
30670,4
30673,3
30676,18
30679,4
30682,32
30685,6
30688,54
30691,4
30694,186
30697,38
30700,9
30703,4
30706,138
30709,3
30712,5
30715,6
30718,7
30721,54
30724,35
30727,4
30730,10
30733,122
30736,5
30739,10
30742,9
30745,6
30748,6
30751,4
30754,8
30757,5
30760,5
30763,8
30766,7
30769,11
30772,22
30775,87
30778,3
30781,5
30784,3
30787,3
30790,6
30793,5
30796,5
30799,4
30802,10
30805,7
30808,4
30811,4
30814,5
30817,4
30820,8
30823,11
30826,5
30829,98
30832,4
30835,10
30838,15
30841,6
30844,48
30847,5
30850,58
30853,16
30856,4
30859,5
30862,3
30865,5
30868,26
30871,7
30874,5
30877,29
30880,27
30883,4
30886,31
30889,7
30892,6
30895,7
30898,4
30901,3
30904,8
30907,3
30910,3
30913,4
30916,9
30919,6
30922,61
30925,4
30928,35
30931,4
30934,5
30937,11
30940,28
30943,16
30946,5
30949,12
30952,3
30955,5
30958,3
30961,4
30964,94
30967,11
30970,20
30973,16
30976,16
30979,109
30982,4
30985,24
30988,4
30991,4
30994,3
30997,3
31000,3
31003,8
31006,8
31009,6
31012,6
31015,28
31018,3
31021,3
31024,4
31027,3
31030,8
31033,5
31036,22
31039,4
31042,51
31045,59
31048,4
31051,5
31054,21
31057,5
31060,14
31063,24
31066,3
31069,3
31072,6
31075,8
31078,13
31081,12
31084,6
31087,3
31090,3
31093,3
31096,5
31099,23
31102,4
31105,31
31108,4
31111,5
31114,3
31117,9
31120,7
31123,6
31126,3
31129,5
31132,4
31135,5
31138,4
31141,6
31144,10
31147,4
31150,3
31153,4
31156,11
31159,23
31162,81
31165,11
31168,4
31171,3
31174,8
31177,3
31180,3
31183,3
31186,12
31189,4
31192,78
31195,11
31198,3
31201,3
31204,3
31207,4
31210,6
31216,4
31219,5
31222,5
31225,7
31228,8
31231,5
31234,26
31237,3
31240,6
31243,3
31246,3
31249,15
31252,40
31255,3
31258,4
31261,4
31264,7
31267,3
31270,5
31273,10
31276,6
31279,3
31282,3
31285,68
31288,4
31291,3
31294,3
31297,13
31300,5
31303,6
31306,4
31309,5
31312,5
31315,17
31318,3
31321,5
31324,4
31327,8
31330,4
31333,3
31336,4
31339,3
31342,3
31345,15
31348,3
31351,8
31354,4
31357,5
31360,4
31363,5
31366,12
31369,13
31372,10
31375,3
31378,3
31381,95
31384,6
31387,3
31390,4
31393,6
31396,5
31399,5
31402,4
31405,5
31408,5
31411,3
31414,3
31417,15
31420,11
31423,4
31426,4
31429,10
31432,5
31435,4
31438,11
31441,10
31444,5
31447,11
31450,5
31453,4
31456,3
31459,4
31462,4
31465,3
31468,68
31471,3
31474,5
31477,4
31480,3
31483,4
31486,3
31489,5
31492,8
31495,10
31498,28
31501,5
31504,4
31507,6
31510,3
31513,4
31516,14
31519,8
31522,5
31525,3
31528,6
31531,5
31534,4
31537,12
31540,20
31543,3
31546,6
31549,4
31552,71
31555,4
31558,3
31561,3
31564,7
31567,3
31570,3
31573,5
31576,3
31579,4
31582,10
31585,3
31588,4
31591,4
31594,5
31597,7
31600,8
31603,3
31606,37
31609,6
31612,16
31615,4
31618,5
31621,4
31624,4
31627,10
31630,4
31633,76
31636,7
31639,3
31642,12
31645,8
31648,3
31651,4
31654,3
31657,13
31660,4
31663,8
31666,4
31669,4
31672,5
31675,5
31678,17
31681,8
31684,4
31687,13
31690,6
31693,5
31696,4
31699,3
31702,11
31705,28
31708,21
31711,5
31714,5
31717,4
31720,4
31723,3
31726,3
31729,29
31732,5
31735,6
31738,5
31741,5
31744,11
31747,4
31750,4
31753,4
31756,4
31759,13
31762,10
31765,10
31768,5
31771,8
31774,3
31777,14
31780,5
31783,38
31786,5
31789,5
31792,3
31795,3
31798,3
31801,4
31804,10
31807,4
31810,5
31813,11
31816,5
31819,3
31822,11
31825,15
31828,5
31831,6
31834,5
31837,5
31840,3
31843,12
31846,4
31849,12
31852,3
31855,9
31858,7
31861,11
31864,8
31867,4
31870,4
31873,4
31876,303
31879,8
31882,4
31885,6
31888,4
31891,17
31894,5
31897,3
31900,5
31903,36
31906,4
31909,5
31912,3
31915,3
31918,3
31921,13
31924,4
31927,8
31930,3
31933,3
31936,4
31939,5
31942,5
31945,4
31948,187
31951,5
31954,8
31957,7
31960,3
31963,8
31966,9
31969,5
31972,4
31975,4
31978,7
31981,4
31984,6
31987,3
31990,5
31993,3
31996,3
31999,13
32002,50
32005,4
32008,4
32011,16
32014,4
32017,5
32020,11
32023,3
32026,6
32029,6
32032,7
32035,19
32038,3
32041,308
32044,5
32047,50
32050,4
32053,11
32056,4
32059,3
32062,170
32065,4
32068,10
32071,3
32074,5
32077,46
32080,4
32083,27
32086,12
32089,27
32092,3
32095,4
32098,7
32101,7
32104,8
32107,4
32110,7
32113,4
32116,12
32119,4
32122,4
32125,5
32128,17
32131,205
32134,3
32137,5
32140,6
32143,4
32146,4
32149,4
32152,18
32155,3
32158,4
32161,8
32164,5
32167,7
32170,4
32173,4
32176,6
32179,4
32182,7
32185,3
32188,3
32191,5
32194,11
32197,5
32200,4
32203,4
32206,4
32209,8
32212,5
32215,17
32218,97
32221,8
32224,7
32227,18
32230,4
32233,10
32236,4
32239,12
32242,4
32245,4
32248,8
32251,20
32254,23
32257,8
32260,18
32263,4
32266,7
32269,3
32272,3
32275,8
32278,3
32281,4
32284,5
32287,19
32290,4
32293,7
32296,3
32299,20
32302,6
32305,3
32308,5
32311,4
32314,4
32317,4
32320,5
32323,3
32326,4
32329,12
32332,3
32335,5
32338,4
32341,5
32344,10
32347,103
32350,24
32353,5
32356,3
32359,85
32362,4
32365,6
32368,4
32371,4
32374,3
32377,3
32380,4
32383,9
32386,3
32389,38
32392,6
32395,4
32398,7
32401,4
32404,5
32407,8
32410,6
32413,4
32416,4
32419,4
32422,4
32425,10
32428,3
32431,3
32434,4
32437,5
32440,4
32443,432
32446,3
32449,5
32452,6
32455,3
32458,3
32461,4
32464,4
32467,4
32470,4
32473,4
32476,6
32479,9
32482,4
32485,7
32488,4
32491,5
32494,4
32497,6
32500,19
32503,15
32506,3
32509,17
32512,4
32515,6
32518,4
32521,4
32524,16
32527,3
32530,8
32533,4
32536,5
32539,5
32542,4
32545,4
32551,7
32554,4
32557,13
32560,18
32563,87
32566,4
32569,4
32572,3
32575,291
32578,17
32581,4
32584,6
32587,4
32590,25
32593,4
32596,8
32599,5
32602,4
32605,4
32608,80
32611,4
32614,19
32617,3
32620,3
32623,8
32626,3
32629,52
32632,4
32635,6
32638,8
32641,19
32644,3
32647,6
32650,3
32653,4
32656,3
32659,4
32662,4
32665,4
32668,19
32671,60
32674,57
32677,5
32680,9
32683,4
32686,5
32689,4
32692,3
32695,3
32698,4
32701,3
32704,8
32707,118
32710,11
32713,4
32716,4
32719,3
32722,17
32725,7
32728,15
32731,4
32734,13
32737,29
32740,3
32743,3
32746,10
32749,3
32752,4
32755,4
32758,65
32761,3
32764,6
32767,3
32770,4
32773,391
32776,4
32779,3
32782,4
32785,5
32788,138
32791,7
32794,4
32797,5
32800,14
32803,4
32806,4
32809,3
32812,4
32815,3
32818,6
32821,3
32824,12
32827,4
32830,76
32833,5
32836,74
32839,7
32842,4
32845,91
32848,3
32851,4
32854,3
32857,4
32860,4
32863,4
32866,47
32869,4
32872,4
32875,4
32878,4
32881,4
32884,3
32887,11
32890,3
32893,3
32896,3
32899,24
32902,4
32905,3
32908,3
32911,5
32914,6
32917,3
32920,3
32923,4
32926,10
32929,4
32932,4
32935,3
32938,5
32941,3
32944,4
32947,5
32950,3
32953,107
32956,9
32959,12
32962,3
32965,14
32968,4
32971,4
32974,9
32977,7
32980,3
32983,10
32986,5
32989,5
32992,14
32995,19
32998,13
33001,8
33004,4
33007,9
33010,3
33013,5
33016,3
33019,5
33022,4
33025,17
33028,5
33031,16
33034,116
33037,5
33040,3
33043,5
33046,5
33049,4
33052,4
33055,4
33058,4
33061,4
33064,158
33067,7
33070,4
33073,6
33076,4
33079,11
33082,3
33085,6
33088,4
33091,3
33094,3
33097,5
33100,5
33103,3
33106,4
33109,4
33112,3
33115,4
33118,5
33121,5
33124,14
33127,3
33130,4
33133,4
33136,4
33139,4
33142,11
33145,21
33148,86
33151,5
33154,3
33157,5
33160,4
33163,3
33166,4
33169,21
33172,3
33175,7
33178,78
33181,4
33184,7
33187,7
33190,12
33193,9
33196,4
33199,3
33202,4
33205,3
33208,3
33211,3
33214,3
33217,55
33220,23
33223,4
33226,8
33229,4
33232,3
33235,7
33238,13
33241,26
33244,3
33247,663
33250,3
33253,12
33256,12
33259,63
33262,161
33265,9
33268,13
33271,3
33274,25
33277,9
33280,155
33283,4
33286,14
33289,3
33292,5
33295,4
33298,7
33301,3
33304,3
33307,3
33310,3
33313,4
33316,3
33319,8
33322,3
33325,6
33328,7
33331,3
33334,3
33337,38
33340,6
33343,4
33346,10
33349,4
33352,14
33355,3
33358,33
33361,4
33364,13
33367,4
33370,3
33373,4
33376,4
33379,4
33382,3
33385,5
33388,3
33391,28
33394,11
33397,8
33400,3
33403,4
33406,77
33409,16
33412,5
33415,14
33418,4
33421,4
33424,3
33427,4
33430,3
33433,4
33436,4
33439,48
33442,12
33445,3
33448,4
33451,4
33454,8
33457,6
33460,6
33463,6
33466,24
33469,8
33472,17
33475,3
33478,9
33481,6
33484,3
33487,7
33490,4
33493,4
33496,4
33499,4
33502,6
33505,3
33508,4
33511,4
33514,10
33517,5
33520,5
33523,19
33526,4
33529,3
33532,3
33535,3
33538,7
33541,4
33544,9
33547,17
33550,119
33553,25
33556,22
33559,4
33562,8
33565,3
33568,19
33571,4
33574,5
33577,4
33580,4
33583,4
33586,4
33589,5
33592,5
33595,5
33598,5
33601,19
33604,172
33607,4
33610,3
33613,9
33616,5
33619,53
33622,4
33625,3
33628,3
33631,6
33634,9
33637,6
33640,3
33643,6
33646,5
33649,9
33652,11
33655,6
33658,10
33661,5
33664,64
33667,4
33670,5
33673,25
33676,4
33679,5
33682,15
33685,3
33688,5
33691,4
33694,3
33697,6
33700,12
33703,9
33706,8
33709,3
33712,4
33715,93
33718,8
33721,12
33724,5
33727,12
33730,5
33733,3
33736,3
33739,3
33742,5
33745,3
33748,3
33751,4
33754,9
33757,10
33760,5
33763,7
33766,3
33769,5
33772,5
33775,5
33778,28
33781,4
33784,12
33787,3
33790,9
33793,12
33796,8
33799,15
33802,3
33805,3
33808,19
33811,4
33814,6
33817,10
33820,4
33823,6
33826,6
33829,4
33832,4
33835,3
33838,3
33841,4
33844,3
33847,4
33850,5
33853,10
33856,6
33859,3
33862,5
33865,48
33868,3
33871,3
33874,16
33877,7
33880,4
33883,4
33886,4
33889,6
33892,5
33895,3
33898,9
33901,17
33904,5
33907,3
33910,4
33913,4
33916,9
33919,94
33922,13
33925,10
33928,6
33931,67
33934,3
33937,4
33940,7
33943,8
33946,4
33949,4
33952,32
33955,5
33958,5
33961,7
33964,3
33967,3
33970,5
33973,24
33976,9
33979,3
33982,3
33985,3
33988,7
33991,3
33994,4
33997,11
34000,9
34003,19
34006,9
34009,400
34012,10
34015,52
34018,17
34021,6
34024,10
34027,4
34030,6
34033,3
34036,31
34039,15
34042,6
34045,130
34048,4
34051,11
34054,12
34057,3
34060,4
34063,3
34066,11
34069,7
34072,4
34075,7
34078,4
34081,4
34084,4
34087,3
34090,4
34093,5
34096,3
34099,34
34102,23
34105,4
34108,29
34111,6
34114,5
34117,10
34120,10
34123,6
34126,6
34129,12
34132,8
34135,4
34138,11
34141,20
34144,10
34147,5
34150,5
34153,4
34156,14
34159,4
34162,3
34165,6
34168,9
34171,3
34174,3
34177,4
34180,4
34183,3
34186,4
34189,16
34192,6
34195,3
34198,4
34201,4
34204,11
34207,4
34210,4
34213,4
34216,4
34219,5
34222,4
34225,3
34228,3
34231,4
34234,3
34237,4
34240,26
34243,4
34246,3
34249,4
34252,10
34255,31
34258,4
34261,4
34264,3
34267,66
34270,4
34273,11
34276,3
34279,8
34282,5
34285,7
34288,4
34291,26
34294,5
34297,6
34300,7
34303,3
34306,8
34309,4
34312,3
34315,3
34318,5
34321,3
34324,4
34327,10
34330,5
34333,3
34336,4
34339,291
34342,6
34345,6
34348,3
34351,9
34354,22
34357,3
34360,3
34363,4
34366,9
34369,20
34372,4
34375,5
34378,16
34381,3
34384,3
34387,21
34390,4
34393,6
34396,4
34399,3
34402,4
34405,3
34408,3
34411,4
34414,3
34417,9
34420,5
34423,3
34426,4
34429,13
34432,3
34435,5
34438,5
34441,14
34444,20
34447,15
34450,10
34453,6
34456,4
34459,14
34462,7
34465,6
34468,5
34471,9
34474,7
34477,4
34480,4
34483,6
34486,3
34489,3
34492,3
34495,7
34498,7
34501,30
34504,3
34507,3
34510,29
34513,10
34516,13
34519,4
34522,3
34525,4
34528,5
34531,3
34534,11
34537,136
34540,6
34543,3
34546,5
34549,5
34552,18
34555,4
34558,4
34561,4
34564,6
34567,4
34570,5
34573,5
34576,28
34579,6
34582,3
34585,5
34588,12
34591,5
34594,43
34597,13
34600,9
34603,7
34606,5
34609,4
34612,4
34615,8
34618,3
34621,3
34624,5
34627,3
34630,3
34633,5
34636,29
34639,8
34642,9
34645,22
34648,24
34651,3
34654,5
34657,8
34660,4
34663,73
34666,3
34669,5
34672,4
34675,12
34678,3
34681,102
34684,8
34687,5
34690,3
34693,41
34696,27
34699,6
34702,8
34705,4
34708,9
34711,9
34714,27
34717,7
34720,7
34723,4
34726,14
34729,23
34732,6
34735,11
34738,9
34741,3
34744,8
34747,5
34750,14
34753,8
34756,18
34759,10
34762,17
34765,25
34768,4
34771,84
34774,16
34777,226
34780,6
34783,4
34786,7
34789,4
34792,9
34795,9
34798,77
34801,6
34804,15
34807,16
34810,4
34813,24
34816,35
34819,5
34822,4
34825,10
34828,5
34831,8
34834,18
34837,8
34840,16
34843,8
34846,4
34849,27
34852,4
34855,3
34858,12
34861,3
34864,29
34867,8
34870,7
34873,4
34876,13
34879,24
34882,160
34885,3
34888,6
34891,8
34894,14
34897,24
34900,4
34903,18
34906,12
34909,7
34912,12
34915,6
34918,6
34921,5
34924,10
34927,12
34930,9
34933,4
34936,8
34939,1169
34942,31
34945,5
34948,12
34951,12
34954,13
34957,44
34960,51
34963,11
34966,11
34969,10
34972,12
34975,6
34978,105
34981,4
34984,7
34987,8
34990,11
34993,89
34996,3
34999,5
35002,7
35005,13
35008,5
35011,122
35014,13
35017,4
35020,38
35023,10
35026,3
35029,10
35032,16
35035,9
35038,13
35041,14
35044,5
35047,6
35050,6
35053,4
35056,8
35059,62
35062,4
35065,111
35068,13
35071,10
35074,112
35077,15
35080,31
35083,11
35086,4
35089,109
35092,14
35095,6
35098,9
35101,20
35104,5
35107,17
35110,8
35113,7
35116,14
35119,16
35122,252
35125,5
35128,41
35131,3
35134,28
35137,3
35140,6
35143,12
35146,9
35149,3
35152,16
35155,25
35158,11
35161,120
35164,4
35167,12
35170,32
35173,6
35176,7
35179,3
35182,23
35185,12
35188,12
35191,11
35194,6
35197,5
35200,16
35203,38
35206,8
35209,3
35212,143
35215,6
35218,12
35221,10
35224,5
35227,312
35230,9
35233,10
35236,8
35239,6
35242,4
35245,12
35248,5
35251,6
35254,4
35257,4
35260,79
35263,9
35266,6
35269,6
35272,6
35275,8
35278,11
35281,23
35284,5
35287,5
35290,11
35293,9
35296,11
35299,9
35302,107
35305,8
35308,21
35311,4
35314,6
35317,12
35320,9
35323,4
35326,4
35329,6
35332,7
35335,7
35338,5
35341,8
35344,5
35347,10
35350,4
35353,18
35356,20
35359,4
35362,26
35365,21
35368,4
35371,13
35374,14
35377,18
35380,268
35383,57
35386,30
35389,10
35392,5
35395,5
35398,12
35401,4
35404,16
35407,67
35410,6
35413,9
35416,4
35419,9
35422,5
35425,11
35428,10
35431,5
35434,26
35437,5
35440,23
35443,32
35446,6
35449,5
35452,15
35455,15
35458,6
35461,14
35464,14
35467,11
35470,21
35473,5
35476,13
35479,7
35482,4
35485,72
35488,9
35491,7
35494,6
35497,24
35500,3
35503,14
35506,7
35509,6
35512,8
35515,11
35518,7
35521,16
35524,5
35527,4
35530,6
35533,13
35536,13
35539,8
35542,3
35545,4
35548,10
35551,4
35554,9
35557,8
35560,14
35563,4
35566,5
35569,9
35572,5
35575,5
35578,3
35581,26
35584,5
35587,14
35590,5
35593,18
35596,11
35599,13
35602,4
35605,12
35608,23
35611,6
35614,7
35617,103
35620,5
35623,17
35626,8
35629,419
35632,166
35635,181
35638,31
35641,43
35644,33
35647,4
35650,4
35653,11
35656,10
35659,3
35662,32
35665,132
35668,29
35671,57
35674,21
35677,15
35680,8
35683,30
35686,16
35689,32
35692,5
35695,27
35698,7
35701,11
35704,7
35707,7
35710,8
35713,8
35716,5
35719,11
35722,5
35725,3
35728,9
35731,10
35734,51
35737,7
35740,32
35743,13
35746,13
35749,7
35752,7
35755,7
35758,52
35761,12
35764,6
35767,8
35770,8
35773,26
35776,28
35779,11
35782,22
35785,28
35788,13
35791,126
35794,59
35797,4
35800,17
35803,14
35806,17
35809,20
35812,6
35815,4
35818,242
35821,5
35824,70
35827,10
35830,8
35833,8
35836,10
35839,4
35842,11
35845,14
35848,7
35851,10
35854,4
35857,22
35860,6
35863,30
35866,10
35869,15
35872,14
35875,21
35878,5
35881,8
35884,3
35887,4
35890,5
35893,4
35896,46
35899,6
35902,6
35905,107
35908,16
35911,4
35914,6
35917,3
35920,3
35923,4
35926,30
35929,5
35932,6
35935,6
35938,15
35941,6
35944,26
35947,15
35950,5
35953,31
35956,14
35959,7
35962,6
35965,15
35968,6
35971,7
35974,11
35977,9
35980,11
35983,3
35986,5
35989,48
35992,6
35995,12
35998,7
36001,10
36004,6
36007,5
36010,86
36013,13
36016,7
36019,17
36022,6
36025,7
36028,6
36031,15
36034,21
36037,5
36040,5
36043,8
36046,16
36049,10
36052,22
36055,17
36058,3
36061,9
36064,10
36067,6
36070,73
36073,4
36076,12
36079,7
36082,35
36085,10
36088,16
36091,6
36094,9
36097,25
36100,10
36103,11
36106,19
36109,6
36112,10
36115,106
36118,6
36121,6
36124,14
36127,3
36130,7
36133,5
36136,6
36139,15
36142,11
36145,9
36148,5
36151,4
36154,4
36157,23
36160,4
36163,4
36166,4
36169,3
36172,15
36175,6
36178,4
36181,4
36184,4
36187,10
36190,4
36193,8
36196,6
36199,41
36202,3
36205,4
36208,72
36211,561
36214,5
36217,5
36220,6
36223,4
36226,23
36229,10
36232,4
36235,29
36238,7
36241,7
36244,5
36247,4
36250,13
36253,4
36256,11
36259,233
36262,8
36265,13
36268,21
36271,3
36274,10
36277,4
36280,6
36283,3
36286,28
36289,6
36292,6
36295,4
36298,8
36301,9
36304,5
36307,76
36310,4
36313,6
36316,51
36319,9
36322,4
36325,13
36328,4
36331,4
36334,5
36337,3
36340,14
36343,3
36349,11
36352,3
36355,5
36358,3
36361,5
36364,5
36367,121
36370,3
36373,3
36376,4
36379,3
36382,6
36385,10
36388,4
36391,97
36394,5
36397,6
36400,44
36403,4
36406,4
36409,3
36412,8
36415,26
36418,17
36421,3
36424,19
36427,5
36430,4
36433,4
36436,102
36439,5
36442,12
36445,9
36448,125
36451,3
36454,14
36457,8
36460,10
36463,5
36466,6
36469,22
36472,4
36475,11
36478,4
36481,4
36484,36
36487,6
36490,27
36493,3
36496,4
36499,8
36502,4
36505,14
36508,4
36511,18
36514,3
36517,5
36520,8
36523,19
36526,5
36529,4
36532,6
36535,6
36538,6
36541,4
36544,6
36547,8
36550,5
36553,4
36556,4
36559,3
36562,3
36565,4
36568,7
36571,5
36574,4
36577,4
36580,4
36583,9
36586,3
36589,3
36592,7
36595,3
36598,13
36601,4
36604,3
36607,3
36610,4
36613,11
36616,4
36619,5
36622,5
36625,24
36628,3
36631,6
36634,3
36637,3
36640,3
36643,4
36646,3
36649,6
36652,3
36655,3
36658,4
36661,4
36664,8
36667,9
36670,324
36673,4
36676,39
36679,3
36682,3
36685,22
36688,76
36691,17
36694,70
36697,24
36700,4
36703,16
36706,169
36709,3
36712,3
36715,5
36718,6
36721,5
36724,4
36727,4
36730,6
36733,3
36736,7
36739,18
36742,4
36745,46
36748,4
36751,5
36754,5
36757,12
36760,4
36763,10
36766,4
36769,4
36772,187
36775,340
36778,173
36781,5
36784,10
36787,435
36790,3
36793,5
36796,3
36799,4
36802,4
36805,81
36808,3
36811,5
36814,6
36817,9
36820,4
36823,5
36826,26
36829,32
36832,8
36835,4
36838,5
36841,31
36844,3
36847,7
36850,8
36853,4
36856,10
36859,4
36862,11
36865,4
36868,4
36871,6
36874,17
36877,10
36880,5
36883,3
36886,3
36889,10
36892,6
36895,25
36898,3
36901,5
36904,6
36907,8
36910,8
36913,6
36916,4
36919,6
36922,29
36925,6
36928,4
36931,6
36934,8
36937,4
36940,12
36943,4
36946,4
36949,3
36952,4
36955,7
36958,4
36961,10
36964,9
36967,9
36970,6
36973,11
36976,4
36979,4
36982,4
36985,4
36988,31
36991,4
36994,4
36997,4
37000,4
37003,5
37006,4
37009,4
37012,4
37015,4
37018,4
37021,4
37024,4
37027,4
37030,4
37033,14
37036,6
37039,7
37042,5
37048,77
37051,3
37054,4
37057,6
37060,4
37063,4
37066,4
37069,5
37072,3
37075,3
37078,3
37081,15
37084,4
37087,4
37090,4
37093,10
37096,3
37099,4
37102,3
37105,3
37108,3
37111,3
37114,5
37117,3
37120,3
37123,3
37126,8
37129,6
37132,5
37135,3
37138,5
37141,5
37144,3
37147,10
37150,3
37153,3
37156,3
37159,5
37162,3
37165,3
37168,9
37171,174
37174,171
37177,36
37180,3
37183,3
37186,229
37189,16
37192,8
37195,3
37198,5
37201,6
37204,4
37207,4
37210,10
37213,4
37216,4
37219,23
37222,17
37225,10
37228,3
37231,23
37234,23
37237,5
37240,9
37243,5
37246,3
37249,201
37252,40
37255,3
37258,3
37261,26
37264,3
37267,3
37270,41
37273,3
37276,4
37279,4
37282,3
37285,8
37288,5
37291,11
37294,3
37297,3
37300,3
37303,10
37306,3
37309,3
37312,8
37315,3
37318,8
37321,9
37324,3
37327,5
37330,4
37333,4
37336,4
37339,6
37342,12
37345,5
37348,6
37351,10
37354,6
37357,4
37360,4
37363,44
37366,4
37369,3
37372,10
37375,24
37378,8
37381,9
37384,3
37387,3
37390,5
37393,4
37396,24
37399,3
37402,3
37405,9
37408,3
37411,3
37414,3
37417,10
37420,4
37423,4
37426,4
37429,3
37432,3
37435,3
37438,3
37441,3
37444,6
37447,3
37450,3
37453,3
37456,3
37459,3
37462,3
37465,3
37468,3
37471,3
37474,3
37477,8
37480,3
37483,3
37486,3
37489,3
37492,3
37495,4
37498,3
37501,4
37504,5
37507,7
37510,9
37513,3
37516,3
37519,7
37522,3
37525,4
37528,6
37531,3
37534,3
37537,4
37540,4
37543,13
37546,4
37549,4
37552,7
37555,5
37558,10
37561,8
37564,4
37567,4
37570,33
37573,4
37576,4
37579,29
37582,5
37585,15
37588,4
37591,6
37594,4
37597,3
37600,7
37603,13
37606,14
37609,3
37612,3
37615,6
37618,4
37621,4
37624,4
37627,10
37630,5
37633,4
37636,5
37639,10
37642,8
37645,3
37648,3
37651,4
37654,4
37657,4
37660,3
37663,7
37666,3
37669,16
37672,7
37675,5
37678,4
37681,12
37684,4
37687,7
37690,5
37693,4
37696,4
37699,4
37702,20
37705,3
37708,3
37711,10
37714,3
37717,5
37720,3
37723,7
37726,8
37729,3
37732,34
37735,3
37738,3
37741,3
37744,3
37747,5
37750,3
37753,6
37756,4
37759,4
37762,3
37765,4
37768,4
37771,4
37774,3
37777,3
37780,38
37783,6
37786,3
37789,3
37792,8
37795,3
37798,6
37801,3
37804,3
37807,3
37810,3
37813,3
37816,3
37819,32
37822,3
37825,6
37828,4
37831,3
37834,17
37837,6
37840,33
37843,3
37846,3
37849,5
37852,3
37855,3
37858,18
37861,4
37864,4
37867,4
37870,5
37873,5
37876,3
37879,3
37882,5
37885,3
37888,3
37891,3
37894,151
37897,7
37900,4
37903,41
37906,6
37909,4
37912,4
37915,4
37918,4
37921,4
37924,3
37927,4
37930,4
37933,4
37936,4
37939,4
37942,5
37945,4
37948,4
37951,5
37954,4
37957,4
37960,4
37963,4
37966,4
37969,4
37972,3
37975,3
37978,13
37981,6
37984,5
37987,12
37990,4
37993,3
37996,5
37999,7
38002,5
38005,6
38008,4
38011,3
38014,3
38017,3
38020,5
38023,3
38026,3
38029,24
38032,4
38035,3
38038,4
38044,3
38047,5
38050,13
38053,6
38056,3
38059,4
38062,4
38065,4
38068,119
38071,3
38074,11
38077,3
38080,3
38083,3
38086,5
38089,3
38092,6
38095,4
38098,5
38101,5
38104,5
38107,3
38110,8
38113,12
38116,29
38119,5
38122,3
38125,4
38128,3
38131,9
38134,3
38137,5
38140,3
38143,10
38146,7
38149,6
38152,4
38155,3
38158,4
38161,5
38164,5
38167,5
38170,6
38173,4
38176,8
38179,5
38182,8
38185,8
38188,8
38191,6
38194,8
38197,5
38200,11
38203,8
38206,8
38209,6
38212,6
38215,4
38218,8
38221,4
38224,4
38227,6
38230,4
38233,3
38236,4
38239,5
38242,4
38245,4
38248,4
38251,4
38254,4
38257,4
38260,11
38263,8
38266,8
38269,11
38272,8
38275,8
38278,8
38281,8
38284,4
38287,8
38290,8
38293,8
38296,8
38299,8
38302,12
38305,10
38308,6
38311,19
38314,8
38317,4
38320,4
38323,9
38326,6
38329,3
38332,6
38335,3
38338,3
38341,3
38344,4
38347,4
38350,3
38353,3
38356,4
38359,6
38362,4
38365,6
38368,3
38371,4
38374,8
38377,8
38380,8
38383,8
38386,8
38389,8
38392,8
38395,8
38398,8
38401,25
38404,5
38407,4
38410,3
38413,9
38416,4
38419,5
38422,4
38425,4
38428,5
38431,4
38434,4
38437,7
38440,3
38443,3
38446,3
38449,9
38452,3
38455,8
38458,1896
38461,4
38464,8
38467,8
38470,21
38473,3
38476,8
38479,8
38482,4
38485,62
38488,8
38491,8
38494,4
38497,4
38500,8
38503,9
38506,6
38509,4
38512,4
38515,12
38518,8
38521,8
38524,5
38527,8
38530,5
38533,91
38536,4
38539,4
38542,3
38545,4
38548,28
38551,4
38554,44
38557,4
38560,4
38563,3
38566,7
38569,11
38572,5
38575,5
38578,3
38581,3
38584,9
38587,5
38590,11
38593,13
38596,9
38599,5
38602,3
38605,8
38608,5
38611,4
38614,3
38617,3
38620,6
38623,6
38626,3
38629,18
38632,3
38635,3
38638,3
38641,14
38644,5
38647,13
38650,4
38653,7
38656,4
38659,5
38662,3
38665,4
38668,6
38671,3
38674,4
38677,4
38680,14
38683,4
38686,6
38689,4
38692,3
38695,7
38698,3
38701,3
38704,5
38707,165
38710,674
38713,3
38716,6
38719,4
38722,8
38725,5
38728,5
38731,3
38734,3
38737,45
38740,4
38743,3
38746,4
38749,3
38752,4
38755,7
38758,3
38761,3
38764,8
38767,7
38770,3
38773,3
38776,3
38779,5
38782,237
38785,108
38788,4
38791,3
38794,5
38797,3
38800,7
38803,3
38806,5
38809,4
38812,3
38815,4
38818,9
38821,3
38824,8
38827,3
38830,4
38833,3
38836,3
38839,5
38842,8
38845,3
38848,3
38851,3
38854,3
38857,240
38860,3
38863,4
38866,3
38869,3
38872,3
38875,4
38878,3
38881,4
38884,3
38887,3
38890,5
38893,4
38896,4
38899,3
38902,3
38905,3
38908,4
38911,6
38914,3
38917,3
38920,4
38923,3
38926,3
38929,3
38932,3
38935,3
38938,7
38941,3
38944,4
38947,8
38950,3
38953,3
38956,3
38959,3
38962,3
38965,3
38968,3
38971,4
38974,4
38977,5
38980,3
38983,3
38986,5
38989,15
38992,3
38995,6
38998,5
39001,3
39004,6
39010,4
39013,3
39016,3
39019,5
39022,3
39025,4
39028,4
39031,5
39034,4
39037,4
39040,3
39043,3
39046,4
39049,3
39052,3
39055,5
39058,4
39061,7
39064,4
39067,6
39070,40
39073,3
39076,4
39079,4
39082,8
39085,45
39088,3
39091,3
39094,5
39097,3
39100,3
39103,4
39106,3
39109,4
39112,7
39115,3
39118,3
39121,3
39124,25
39127,3
39130,3
39133,3
39136,3
39139,3
39142,3
39145,102
39148,4
39151,3
39154,4
39157,3
39160,3
39163,3
39166,3
39169,3
39172,8
39175,3
39178,3
39181,4
39184,4
39187,3
39190,6
39193,5
39196,3
39199,4
39202,3
39205,3
39208,3
39211,3
39214,5
39217,4
39220,6
39223,3
39226,3
39229,3
39232,3
39235,6
39238,4
39241,4
39244,4
39247,5
39250,3
39253,5
39256,3
39259,3
39262,4
39265,3
39268,3
39271,6
39274,5
39277,22
39280,4
39283,4
39286,3
39289,3
39292,8
39295,3
39298,5
39301,3
39304,3
39307,4
39310,4
39313,3
39316,3
39319,5
39322,3
39325,10
39328,3
39331,6
39334,9
39337,3
39340,3
39343,7
39346,3
39349,4
39352,3
39355,4
39358,4
39361,4
39364,3
39367,3
39370,4
39373,3
39376,3
39379,3
39382,5
39385,3
39388,5
39391,3
39394,6
39397,3
39400,3
39403,3
39406,4
39409,3
39412,3
39415,3
39418,3
39421,4
39424,3
39427,4
39430,10
39433,3
39436,3
39439,3
39442,3
39445,4
39448,4
39451,3
39454,3
39457,12
39460,3
39463,4
39466,3
39469,19
39472,4
39475,20
39478,3
39481,3
39484,8
39487,16
39490,10
39493,3
39496,3
39499,3
39502,12
39505,3
39508,5
39511,7
39514,8
39517,3
39520,3
39523,3
39526,3
39529,9
39532,49
39535,4
39538,8
39541,12
39544,3
39547,3
39550,3
39553,4
39556,4
39559,3
39562,3
39565,3
39568,3
39571,3
39574,4
39577,4
39580,5
39583,3
39586,6
39589,10
39592,4
39595,3
39598,3
39601,3
39604,7
39607,3
39610,4
39613,3
39616,4
39619,4
39622,4
39625,24
39628,7
39631,102
39634,4
39637,7
39640,3
39643,4
39646,15
39649,3
39652,3
39655,6
39658,5
39661,3
39664,192
39667,100
39670,6
39673,4
39676,6
39679,10
39682,3
39685,4
39688,4
39691,408
39694,5
39697,4
39700,3
39703,3
39706,3
39709,4
39712,4
39715,4
39718,5
39721,4
39724,4
39727,6
39730,3
39733,4
39736,3
39739,6
39742,8
39745,4
39748,4
39751,4
39754,4
39757,4
39760,4
39763,4
39766,11
39769,3
39772,4
39775,4
39778,4
39781,4
39784,4
39787,4
39790,6
39793,4
39796,4
39799,4
39802,4
39805,4
39808,4
39811,4
39814,4
39817,4
39820,4
39823,4
39826,4
39829,4
39832,4
39835,4
39838,4
39841,4
39844,4
39847,4
39850,4
39853,4
39856,4
39859,3
39862,8
39865,3
39868,4
39871,4
39874,5
39877,5
39880,11
39883,4
39886,6
39889,3
39892,4
39895,3
39898,3
39901,5
39904,4
39907,3
39910,3
39913,6
39916,5
39919,3
39922,3
39925,3
39928,3
39931,3
39934,5
39937,4
39940,7
39943,3
39946,4
39949,9
39952,4
39955,3
39958,3
39961,3
39964,4
39967,61
39970,5
39973,3
39976,3
39979,3
39982,4
39985,3
39988,3
39991,4
39994,20
39997,7
40000,4294
40003,3
40006,3
40009,4
40012,3
40015,4
40018,5
40021,4
40024,16
40027,3
40030,3
40033,9
40036,6
40039,15
40042,3
40045,11
40048,175
40051,81
40054,101
40057,5
40060,4
40063,11
40066,5
40069,3
40072,4
40075,6
40078,4
40081,21
40084,9
40087,4
40090,10
40093,3
40096,3
40099,3
40102,8
40105,3
40108,3
40111,3
40114,9
40117,3
40120,4
40123,5
40126,3
40129,29
40132,3
40135,5
40138,4
40141,14
40144,5
40147,3
40150,3
40153,15
40156,3
40159,3
40162,3
40165,89
40168,5
40171,30
40174,36
40177,3
40180,6
40183,5
40186,3
40189,3
40192,4
40195,3
40198,3
40201,13
40204,3
40207,6
40210,10
40213,4
40216,81
40219,14
40222,3
40225,13
40228,3
40231,3
40234,3
40237,337
40240,3
40243,12
40246,6
40249,5
40252,4
40255,12
40258,3
40261,5
40264,4
40267,6
40270,3
40273,4
40276,7
40279,3
40282,22
40285,29
40288,12
40291,3
40294,3
40297,3
40300,75
40303,3
40306,5
40309,9
40312,122
40315,3
40318,6
40321,3
40324,4
40327,3
40330,3
40333,4
40336,8
40339,5
40342,12
40345,6
40348,3
40351,120
40354,3
40357,3
40360,3
40363,54
40366,3
40369,3
40372,4
40375,3
40378,287
40381,5
40384,4
40387,11
40390,3
40393,105
40396,433
40399,39
40402,3
40405,3
40408,160
40411,4
40414,17
40417,7
40420,3
40423,7
40426,10
40429,15
40432,3
40435,6
40438,3
40441,5
40444,6
40447,19
40450,4
40453,3
40456,3
40459,3
40462,5
40465,4
40468,7
40471,134
40474,3
40477,138
40480,10
40483,3
40486,76
40489,4
40492,10
40495,49
40498,17
40501,3
40504,3
40507,3
40510,4
40513,3
40516,4
40519,5
40522,4
40525,4
40528,7
40531,3
40534,14
40537,3
40540,3
40543,3
40546,4
40549,3
40552,3
40555,3
40558,3
40561,3
40564,3
40567,3
40570,3
40573,3
40576,3
40579,3
40582,4
40585,3
40588,14
40591,5
40594,14
40597,19
40600,7
40603,10
40606,3
40609,3
40612,4
40615,3
40618,14
40621,4
40624,116
40627,3
40630,3
40633,20
40636,3
40639,13
40642,15
40645,5
40648,158
40651,292
40654,13
40657,5
40660,4
40663,10
40666,3
40669,3
40672,4
40675,8
40678,3
40681,6
40684,3
40687,3
40690,33
40693,5
40696,16
40699,19
40702,8
40705,46
40708,3
40711,3
40714,4
40717,3
40720,3
40723,6
40726,4
40729,3
40732,3
40735,176
40738,3
40741,37
40744,9
40747,16
40750,3
40753,3
40756,3
40759,4
40762,3
40765,3
40768,15
40771,3
40774,3
40777,3
40780,26
40783,9
40786,3
40789,5
40792,3
40795,3
40798,5
40801,4
40804,3
40807,3
40810,3
40813,5
40816,17
40819,9
40822,3
40825,3
40828,4
40831,7
40834,3
40837,9
40840,5
40843,3
40846,6
40849,6
40852,3
40855,64
40858,22
40861,6
40864,3
40867,4
40870,6
40873,8
40876,16
40879,4
40882,40
40885,3
40888,4
40891,4
40894,16
40897,132
40900,8
40903,64
40906,7
40909,3
40912,3
40915,10
40918,4
40921,3
40924,4
40927,3
40930,3
40933,3
40936,3
40939,3
40942,3
40945,15
40948,3
40951,3
40954,3
40957,8
40960,3
40963,3
40966,4
40969,6
40972,5
40975,6
40978,8
40981,3
40984,3
40987,5
40990,3
40993,3
40996,150
40999,3
41002,3
41005,3
41008,13
41011,103
41014,226
41017,3
41020,3
41023,3
41026,3
41029,3
41032,134
41035,121
41038,44
41041,3
41044,17
41047,25
41050,3
41053,8
41056,9
41059,6
41062,3
41065,106
41068,4
41071,3
41074,3
41077,3
41080,3
41083,15
41086,3
41089,4
41092,3
41095,3
41098,3
41101,28
41104,3
41107,4
41110,4
41113,10
41116,4
41119,10
41122,3
41125,8
41128,35
41131,187
41134,3
41137,3
41140,3
41143,3
41146,3
41149,4
41152,3
41155,3
41158,3
41161,3
41164,4
41167,4
41170,5
41173,5
41176,3
41179,5
41182,46
41185,37
41188,11
41191,3
41194,3
41197,120
41200,4
41203,19
41206,4
41209,3
41212,17
41215,5
41218,3
41221,3
41224,3
41227,3
41230,8
41233,7
41236,6
41239,3
41242,13
41245,4
41248,4
41251,4
41254,3
41257,20
41260,4
41263,4
41266,3
41269,4
41272,3
41275,9
41278,4
41281,3
41284,3
41287,9
41290,3
41293,348
41296,3
41299,3
41302,3
41305,14
41308,3
41311,4
41314,3
41317,4
41320,3
41323,36
41326,21
41329,4
41332,4
41335,16
41338,3
41341,8
41344,15
41347,3
41350,5
41353,3
41356,58
41359,39
41362,3
41365,4
41368,3
41371,3
41374,3
41377,3
41380,3
41383,4
41386,3
41389,3
41392,4
41395,17
41398,47
41401,3
41404,3
41407,4
41410,234
41413,20
41416,3
41419,11
41422,4
41425,3
41428,3
41431,3
41434,3
41437,3
41440,155
41443,11
41446,14
41449,10
41452,4
41455,170
41458,4
41461,9
41464,7
41467,3
41470,7
41473,5
41476,3
41479,4
41482,3
41485,3
41488,5
41491,3
41494,170
41497,3
41500,46
41503,3
41506,4
41509,3
41512,7
41515,18
41518,126
41521,3
41524,3
41530,5
41533,7
41536,4
41539,13
41542,45
41545,3
41548,3
41551,3
41554,3
41557,73
41560,3
41563,182
41566,36
41569,8
41572,3
41575,4
41578,3
41581,3
41584,12
41587,3
41590,3
41593,3
41596,4
41599,8
41602,6
41605,3
41608,3
41611,4
41614,7
41617,3
41620,391
41623,8
41626,3
41629,3
41632,5
41635,26
41638,466
41641,3
41644,9
41647,3
41650,17
41653,11
41656,4
41659,6
41662,10
41665,5
41668,87
41671,7
41674,3
41677,5
41680,28
41683,3
41686,12
41689,3
41692,6
41695,244
41698,3
41701,7
41704,9
41707,6
41710,4
41713,3
41716,3
41719,4
41722,11
41725,398
41728,10
41731,130
41734,4
41737,3
41740,19
41743,128
41746,27
41749,3
41752,16
41755,16
41758,8
41761,9
41764,8
41767,175
41770,5
41773,3
41776,46
41779,28
41782,93
41785,7
41788,16
41791,9
41794,50
41797,36
41800,335
41803,3
41806,3
41809,74
41812,4
41815,18
41818,20
41821,275
41824,3
41827,3
41830,4
41833,7
41836,3
41839,5
41842,7
41845,615
41848,23
41851,8
41854,3
41857,3
41860,28
41863,16
41866,41
41869,3
41872,11
41875,3
41878,5
41881,5
41884,3
41887,3
41890,3
41893,3
41896,4
41899,30
41902,3
41905,3
41908,3
41911,124
41914,13
41917,3
41923,5
41926,4
41929,3
41932,3
41935,3
41938,4
41941,3
41944,3
41947,3
41950,10
41953,10
41959,3
41962,4
41965,4
41968,7
41971,3
41974,53
41977,18
41980,3
41983,3
41986,6
41989,23
41992,39
41995,5
41998,3
42001,13
42004,8
42007,3
42010,172
42013,5
42016,3
42019,5
42022,130
42025,3
42028,13
42031,3
42034,76
42037,3
42040,3
42043,8
42046,5
42049,5
42052,6
42055,3
42058,3
42061,3
42064,3
42067,3
42070,3
42073,3
42076,3
42079,3
42082,5
42085,7
42088,3
42091,121
42094,78
42097,18
42100,152
42103,4
42106,3
42109,16
42112,4
42115,4
42118,3
42121,3
42124,3
42127,4
42130,151
42133,3
42136,6
42139,3
42142,3
42145,3
42148,5
42151,17
42154,13
42157,3
42160,7
42163,4
42166,3
42169,3
42172,5
42175,112
42178,3
42181,4
42184,4
42187,3
42190,3
42193,3
42196,3
42199,3
42202,4
42205,5
42208,6
42211,4
42214,3
42217,3
42220,16
42223,3
42226,3
42229,3
42232,3
42235,3
42238,3
42241,3
42244,3
42247,30
42250,4
42253,4
42256,18
42259,3
42262,3
42265,3
42268,3
42271,3
42274,7
42277,5
42280,19
42283,9
42286,3
42289,3
42292,4
42295,3
42298,4
42301,3
42304,4
42307,208
42310,3
42313,7
42316,130
42319,13
42322,3
42325,5
42328,3
42331,4
42334,3
42337,18
42340,3
42343,3
42346,4
42349,3
42352,3
42355,3
42358,3
42361,3
42364,3
42367,3
42370,3
42373,3
42376,5
42379,6
42382,3
42385,3
42388,3
42391,3
42394,7
42397,3
42400,3
42403,3
42406,3
42409,3
42412,3
42415,4
42418,3
42421,3
42424,3
42427,3
42430,3
42433,3
42436,3
42439,3
42442,3
42445,3
42448,3
42451,3
42454,8
42457,3
42460,48
42463,3
42466,137
42469,3
42472,66
42475,3
42478,3
42481,12
42484,38
42487,7
42490,3
42493,151
42496,3
42499,3
42502,3
42505,3
42508,3
42511,4
42514,3
42517,3
42520,3
42523,3
42526,3
42529,5
42532,4
42535,3
42538,3
42541,117
42544,3
42547,3
42550,373
42553,85
42556,4
42559,216
42562,5
42565,5
42568,233
42571,3
42574,117
42577,3
42580,3
42583,4
42586,4
42589,32
42592,175
42595,27
42598,53
42601,31
42604,21
42607,397
42610,9
42613,10
42616,22
42619,4
42622,48
42625,3
42628,3
42631,3
42634,16
42637,131
42640,19
42643,88
42646,17
42649,3
42652,407
42655,3
42658,4
42661,3
42664,3
42667,3
42670,3
42673,78
42676,47
42679,203
42682,104
42685,59
42688,3
42691,4
42694,3
42700,5
42703,5
42706,4
42709,3
42712,4
42715,3
42718,3
42721,6
42724,3
42727,3
42730,97
42733,17
42736,27
42739,3
42742,22
42745,52
42748,17
42751,3
42754,13
42757,49
42760,3
42763,3
42766,194
42769,3
42772,9
42775,3
42778,3
42781,3
42784,7
42787,510
42790,4
42793,5
42796,3
42799,3
42802,3
42805,5
42808,10
42811,9
42814,3
42817,3
42820,5
42823,26
42826,7
42829,332
42832,342
42835,118
42838,17
42841,3
42844,3
42847,69
42850,5
42853,40
42856,6
42859,632
42862,152
42865,164
42868,10
42871,3
42874,7
42877,3
42880,6
42883,105
42886,3
42889,5
42892,9
42895,3
42898,32
42901,3
42904,3
42907,3
42910,105
42913,7
42916,381
42919,210
42922,6
42925,5
42928,110
42931,10
42934,42
42937,410
42940,3
42943,8
42946,26
42949,3
42952,82
42955,1031
42958,109
42961,6
42964,9
42967,303
42970,3
42973,2
42976,58
42979,356
42982,13
42985,4
42988,6
42991,12
42994,3
42997,59
43000,3
43003,118
43006,534
43009,21
43012,12
43015,6
43018,92
43021,3
43024,171
43027,11
43030,188
43033,13
43036,4
43039,326
43042,239
43045,3
43048,653
43051,482
43054,10
43057,3
43060,466
43063,4
43066,224
43069,5
43072,161
43075,5
43078,397
43081,51
43084,5
43087,2284
43090,201
43093,5
43096,3
43099,625
43102,3
43105,7
43108,687
43111,24
43114,4
43117,92
43120,957
43123,6
43129,4
43135,4
43168,4
43174,3
43180,8
43192,3
43207,2
43231,8
43267,5
43288,3
43291,6
43297,3
43300,3
43306,4
43309,3
43312,3
43315,3
43318,4
43321,1218
46588,8
46615,3
47332,4
47398,3
47512,8
47536,4
47629,3
47638,5
47788,3
48202,3
48253,5
48259,3
48274,3
48277,3
48280,3
48283,3
48688,3
49408,3
49411,3
49414,3
49774,3
49780,3
49783,3
49792,3
49795,3
49798,3
49801,3
49804,3
49807,3
49810,3
49828,3
49831,3
49834,3
49837,3
49840,3
49843,3
49846,3
49849,5
49855,3
49858,3
49864,3
49867,3
49870,3
49873,3
49876,3
49879,3
49882,3
49885,3
49888,3
49891,3
49894,3
49897,3
49900,3
49906,3
49912,3
49915,4
49918,4
49921,3
49924,5
49927,3
49930,3
49948,3
49951,3
49954,3
49957,3
49960,3
49963,3
49966,3
49972,3
49975,3
49981,3
49984,3
49993,3
49999,3
50002,3
50005,3
50008,3
50011,3
50056,3
50203,3
50326,3
50527,3
50767,3
50776,3
50779,3
50782,3
50785,3
50788,3
50803,3
50812,63
50818,3
50824,178
50835,4
50850,33
50853,3
50880,5
50883,3
50898,23
50901,16
50922,196
50943,3
51009,5
51012,6858
51054,3
51057,22
51071,4
51086,6
51091,13
51130,4
51133,19
51137,9
51143,78
51148,8
51151,17
51152,144
51181,20
51199,9
51214,30
51223,3
51253,1045
51259,77
51262,3
51265,96
51268,4
51269,421
51272,89
51275,10
51278,5
51284,5
51290,282
51293,2
51301,508
51307,6
51310,81
51313,3
51316,47
51322,10
51328,6
51331,3
51338,3900
51343,5
51355,15
51358,1110
51361,1967
51367,3
51376,2835
51391,2633
51394,3
51397,4
51400,47
51404,2017
51410,4
51416,3
51419,4
51425,3
51443,3
51452,20
51458,9
51464,340
51470,27
51497,21
51512,3894
51518,3
51521,117
51545,4
51560,6
51578,343
51590,2
51617,3
51639,3
51642,7
51648,5
51651,7
51660,3
51672,6
51675,18
51720,13990
51744,3
51747,21
51756,2
51768,16
51786,3
51795,3
51813,13
51825,33
51831,4
51834,7
51839,5
51853,503
51856,3
51886,4306
51901,3
51904,9
51925,59
51934,4
51943,4
51952,7
51955,6
51961,6
51967,2
51979,22
51982,3
51997,3
52000,3
52012,3
52018,3
52022,2
52025,14
52028,52
52034,5
52037,3
52040,50
52058,3
52061,9
52067,9
52076,5
52082,5
52091,3
52094,4
52100,3
52103,57
52106,9
52112,4
52121,2
52124,179
52130,4
52136,23177
52145,10943
52148,15478
52151,5
52154,9
52157,3
52175,3
52178,5
52182,4
52197,9
52203,2
52209,2467
52215,5
52218,2
52221,9
52230,6
52236,3
52245,3
52248,3
52260,2
52269,12
52272,7
52278,4
52290,255
52293,42
52296,224
52311,5
52314,3
52317,16
52323,22
52329,7
52341,9
52356,32
52368,21
52371,4
52377,2
52392,26
52395,17
52398,4
52401,108
52404,17
52407,3
52410,4
52413,3
52416,3
52419,3
52422,29
52425,3
52428,3
52431,2
52434,20
52437,2
52440,3
52443,2
52446,1057
52449,4
52452,3
52454,3
52456,3
52461,3
52464,39
52467,6
52470,3
52473,12
52476,14
52479,3
52482,3
52488,30
52491,5
52494,6
52497,3
52500,3
52503,17
52506,4
52509,6
52512,19
52518,7
52521,14
52527,3
52530,3
52536,4006
52539,8
52542,29
52590,2
52602,3
52605,135
52608,32
52611,10
52614,7
52617,5
52620,4
52625,9
52628,508
52631,5
52634,3
52637,144
52649,56
52655,3
52658,10
52685,3
52691,4
52697,50
52700,8
52703,46
52724,8
52730,163
52733,3
52826,31
52850,35
52868,3
52892,146
52916,3
52919,3
52946,254
52949,10
52956,542
52959,10
52962,10
52965,49
52971,6
52974,18
52977,3
52983,3
52989,2
52992,45
52998,38
53007,7
53010,25
53013,24
53024,2
53027,23
53030,8
53033,36
53036,2
53039,4
53042,9
53048,15
53051,6
53054,3
53057,8
53063,7
53081,3
53084,264
53125,2
53155,61
53164,3
53167,3
53170,6
53173,5
53176,8
53179,7
53185,7
53188,4
53191,182
53200,3
53203,7
53206,7
53209,13
53215,5
53221,3
53227,16
53230,5
53233,4716
53236,3
53245,2902
53248,3
53251,3
53254,8
53257,3
53260,2
53263,5
53269,4
53276,6
53279,3
53282,15
53285,4
53288,5
53291,4
53300,3
53303,4
53306,488
53309,4
53315,4
53316,2
53322,16
53325,11
53328,4
53334,11
53337,3
53340,5
53349,3
53358,3592
53361,2
53364,3
53367,169
53376,3
53385,102
53391,5
53400,2
53405,2
53408,451
53456,9
53459,23
53486,5
53489,5
53492,109
53497,221
53503,199
53512,3
53515,43
53539,22
53551,14
53554,324
53569,1820
53575,3
53584,322
53587,5
53590,21
53599,3
53602,70
53605,9
53611,2
53624,12
53627,9
53630,644
53633,5
53636,5
53639,3
53654,11
53657,5
53660,3
53675,4
53678,15
53681,12
53690,10
53693,100
53705,40
53709,790
53732,102
53735,332
53738,37
53747,13
53762,45
53765,20
53771,25
53774,27
53778,3
53781,3
53788,15
53791,98
53797,190
53800,167
53803,11
53812,11
53818,8
53824,387
53835,8
53849,57
53866,71
53872,3
53875,89
53878,22
53882,5
53904,13
53918,266
53921,10
53928,5
53937,85
53941,1793
53944,10
53950,23
53953,3
53956,16
53959,10
53962,4000
53971,8
53974,8
53989,5
53992,3
53996,3
53999,3
54002,135
54007,21
54010,49
54013,735
54018,27
54021,225
54024,28762
54033,12346
54036,95
54045,53
54048,3
54051,3
54054,3
54056,4
54062,9
54065,9
54068,150
54074,41
54077,265
54080,431
54086,18
54092,21
54095,6
54110,7
54118,5
54121,70
54124,11
54126,22
54137,233
54140,1072
54143,311
54149,18
54192,12
54195,4909
54228,33
54231,5
54234,137
54235,47
54238,32
54241,12
54244,148
54263,210
54289,2
54314,58
54315,7
54316,3
54317,3
54318,129
54319,3
54320,118
54321,50
54323,8
54329,12
54330,94
54331,10
54332,7
54333,87
54335,21
54336,4
54338,6
54339,229
54348,4
54350,3
54352,3
54357,34
54359,3
54360,127
54361,3
54367,58
54368,15
54369,3
54378,2
54380,9
54381,248
54382,7
54384,4
54386,29
54388,65
54395,12
54400,13
54401,68
54402,14
54404,6
54405,8
54408,559
54413,4396
54415,84
54416,473
54418,3
54419,3
54430,10
54434,2
54435,5
54437,41
54438,12
54439,142
54440,5
54442,18
54443,10
54444,216
54446,61
54449,3
54451,4
54453,4
54454,12
54481,1896
54482,20
54483,37
54484,40
54485,85
54486,52
54488,4
54489,15
54490,44
54492,8
54493,15
54494,3
54495,2
54496,13
54497,6
54498,12
54499,3
54500,33
54502,2
54503,18
54504,46
54505,29
54506,44
54507,32
54508,86
54509,2
54511,70
54512,15
54513,8
54514,9
54515,28
54516,3
54517,58
54518,2
54519,16
54520,9
54522,2
54523,1218
54524,289
54525,14
54526,65
54527,4
54528,293
54529,2
54532,2
54535,38
54536,31
54537,30
54538,6
54539,22
54540,2
54541,9
54542,2
54544,8
54545,37
54546,26
54547,14
54548,21
54552,2
54553,93
54554,2
54555,6
54556,49
54557,2
54558,6
54559,180
54560,89
54561,4
54563,37
54564,6
54565,2142
54566,155
54568,41
54569,4
54574,3
54575,35
54577,6
54578,57
54579,1048
54580,564
54582,7
54583,3
54584,4
54585,67
54590,3
54593,6
54594,112
54599,3
54605,22
54606,5
54607,3
54610,12
54615,273
54617,11
54618,12
54619,20
54623,63
54624,5
54625,4
54626,3
54628,96
54630,240
54632,225
54633,413
54634,134
54637,6
54638,5
54639,12
54642,7
54643,32
54644,291
54646,16
54648,327
54649,99
54651,153
54652,3
54653,6
54657,159
54658,10
54659,5
54663,120
54664,476
54665,3
54667,39
54668,55
54670,41
54671,6
54673,5
54674,32
54675,145
54676,876
54677,221
54678,30
54681,9
54682,14
54683,67
54685,2
54686,3
54690,250
54692,73
54693,609
54697,5
54701,8
54702,9
54703,249
54704,411
54705,10
54707,883
54708,3
54712,2
54713,7
54715,57
54716,23
54717,6
54721,2
54723,11
54725,20
54729,4
54731,2
54735,38
54738,6
54739,143
54740,173
54746,3
54748,98
54750,10136
54751,12
54752,3
54754,93
54755,25
54756,2
54757,4
54758,4
54759,11
54762,4
54763,472
54764,3
54765,106
54766,269
54772,454
54773,599
54774,18
54776,383
54779,1007
54780,5
54784,3
54787,130
54788,23
54791,12
54799,3
54800,3
54802,3
54804,2
54805,77
54807,11
54808,9
54812,10
54814,270
54817,20
54821,8
54822,2
54823,12
54824,186
54825,1944
54827,24
54829,4
54830,3
54836,76
54839,13
54841,3
54842,3
54843,3
54848,4
54849,3
54850,3
54853,20
54855,95
54856,109
54860,239
54861,173
54863,280
54864,2
54866,27
54868,7
54873,5
54877,150
54878,2
54885,3
54887,124
54888,52
54889,35
54890,10
54892,90
54893,514
54897,29
54901,46
54902,3
54903,5
54906,3
54907,69
54909,4
54910,24
54912,23
54913,10
54914,1710
54916,3
54919,537
54921,8
54923,1542
54926,7
54931,6
54932,3
54933,3
54935,57
54936,3
54937,63
54938,8
54939,2
54941,4
54942,2
54943,2
54944,15
54945,2
54946,3
54947,10
54950,4
54953,81
54954,10
54955,3
54956,3
54957,5
54958,2
54959,12
54960,2
54961,12
54962,2
54963,5
54964,2
54965,18
54966,27
54967,174
54969,5
54970,8
54972,3
54973,67
54974,3
54975,5
54977,4
54979,8
54980,3
54981,8
54983,9
54985,10
54986,13
54988,9
54989,3
54990,198
54994,19
54995,31
54998,7
54999,4
55000,11
55003,5
55004,4
55006,9
55007,3
55008,5
55011,5
55012,7
55015,797
55017,5
54551,3
54976,22
54987,73
55016,900
4830,65
5406,509
5421,508
5431,2
11632,1230
11838,680
11901,8582
11958,4107
13566,1883
43324,6
43327,4
43330,8
43333,12
43336,7
43339,7
43342,7
43345,7
43348,9
43351,9
43354,5
43357,5
43360,7
43363,11
43366,4
43369,7
43372,5
43375,8
43378,6
43381,5
43384,8
43387,9
43390,7
43393,10
43396,8
43399,5
43402,10
43405,9
43408,6
43411,7
43414,7
43417,8
43420,8
43423,11
43426,5
43429,7
43432,4
43435,7
43438,5
43441,4
43444,4
43447,4
43450,4
43453,9
43456,6
43459,7
43462,9
43465,9
43468,7
43471,5
43474,9
43477,6
43480,5
43483,7
43486,11
43489,4
43492,5
43495,7
43498,5
43501,6
43504,6
43507,9
43510,7
43513,9
43516,4
43519,5
43522,6
43525,13
43528,6
43531,10
43534,7
43537,6
43540,8
43543,6
43546,11
43549,5
43552,4
43555,8
43558,7
43561,6
43564,12
43567,11
43570,9
43573,6
43576,9
43579,7
43582,11
43585,4
43588,6
43591,4
43594,6
43597,7
43600,5
43603,7
43606,7
43609,8
43612,5
43615,5
43618,9
43621,5
43624,11
43627,10
43630,5
43633,5
43636,5
43639,5
43642,6
43645,8
43648,18
43651,6
43654,7
43657,5
43660,17
43663,8
43666,4
43669,6
43672,9
43675,5
43678,6
43681,6
43684,5
43687,14
43690,3
43693,9
43696,18
43699,5
43702,7
43705,5
43708,5
43711,5
43714,5
43717,9
43720,4
43723,7
43726,7
43729,6
43732,8
43735,4
43738,4
43741,7
43744,6
43747,12
43750,6
43753,5
43756,7
43759,8
43762,10
43765,5
43768,7
43771,9
43774,9
43777,7
43780,6
43783,9
43786,10
43789,6
43792,5
43795,8
43798,11
43801,5
43804,10
43807,6
43810,6
43813,8
43816,7
43819,6
43822,6
43825,5
43828,9
43831,5
43834,5
43837,4
43840,7
43843,15
43846,13
43849,5
43852,5
43855,4
43858,7
43861,9
43864,4
43867,4
43870,5
43873,8
43876,7
43879,7
43882,6
43885,13
43888,6
43891,6
43894,7
43897,6
43900,8
43903,6
43906,9
43909,8
43912,8
43915,6
43918,5
43921,5
43924,5
43927,6
43930,11
43933,7
43936,5
43939,11
43942,6
43945,13
43948,5
43951,7
43954,6
43957,5
43960,5
43963,12
43966,8
43969,4
43972,8
43975,9
43978,4
43981,4
43984,6
43987,6
43990,5
43993,8
43996,4
43999,5
44002,7
44005,10
44008,13
44011,6
44014,7
44017,11
44020,21
44023,4
44026,9
44029,6
44032,7
44035,5
44038,5
44041,5
44044,6
44047,7
44050,10
44053,6
44056,6
44059,7
44062,7
44065,5
44068,5
44071,8
44074,7
44077,6
44080,6
44083,7
44086,6
44089,10
44092,7
44095,5
44098,9
44101,5
44104,7
44107,7
44110,6
44113,7
44116,7
44119,5
44122,10
44125,5
44128,7
44131,5
44134,14
44137,8
44140,4
44143,5
44146,8
44149,9
44152,4
44155,7
44158,4
44161,6
44164,5
44167,5
44170,8
44173,6
44176,7
44179,6
44182,11
44185,9
44188,9
44191,9
44194,11
44197,8
44200,7
44203,9
44206,8
44209,8
44212,7
44215,6
44218,6
44221,8
44224,10
44227,10
44230,11
44233,7
44236,7
44239,7
44242,9
44245,8
44248,12
44251,6
44254,5
44257,5
44260,4
44263,6
44266,5
44269,5
44272,7
44275,4
44278,11
44281,5
44284,6
44287,5
44290,8
44293,4
44296,6
44299,4
44302,4
44305,8
44308,6
44311,7
44314,5
44317,10
44320,4
44323,7
44326,9
44329,5
44332,4
44335,3
44338,6
44341,4
44344,5
44347,5
44350,12
44353,4
44356,5
44359,9
44362,6
44365,5
44368,6
44371,3
44374,5
44377,8
44380,8
44383,4
44386,5
44389,3
44392,7
44395,9
44398,4
44401,5
44404,14
44407,5
44410,4
44413,16
44416,6
44419,7
44422,8
44425,9
44428,7
44431,9
44434,11
44437,7
44440,2
44443,4
44446,4
44449,8
44452,10
44455,6
44458,5
44461,6
44464,6
44467,5
44470,5
44473,4
44476,5
44479,6
44482,5
44485,4
44488,4
44491,5
44494,4
44497,4
44500,4
44503,6
44506,3
44509,6
44512,5
44515,6
44518,5
44521,11
44524,5
44527,3
44530,4
44533,4
44536,4
44539,4
44542,4
44545,5
44548,7
44551,4
44554,7
44557,8
44560,5
44563,6
44566,6
44569,6
44572,4
44575,5
44578,4
44581,5
44584,4
44587,5
44590,4
44593,8
44596,5
44599,4
44602,5
44605,5
44608,5
44611,6
44614,6
44617,5
44620,4
44623,11
44626,5
44629,7
44632,4
44635,4
44638,5
44641,4
44644,5
44647,4
44650,4
44653,7
44656,6
44659,6
44662,6
44665,4
44668,7
44671,6
44674,4
44677,6
44680,8
44683,5
44686,6
44689,7
44692,4
44695,5
44698,4
44701,6
44704,4
44707,6
44710,5
44713,7
44716,4
44719,7
44722,9
44725,9
44728,5
44731,6
44734,8
44737,3
44740,7
44743,6
44746,6
44749,6
44752,4
44755,5
44758,5
44761,8
44764,5
44767,5
44770,5
44773,5
44776,5
44779,5
44782,6
44785,6
44788,6
44791,9
44794,6
44797,6
44800,6
44803,5
44806,4
44809,6
44812,4
44815,4
44818,4
44821,5
44824,8
44827,9
44830,5
44833,5
44836,8
44839,12
44842,6
44845,5
44848,8
44851,4
44854,5
44857,4
44860,6
44863,7
44866,4
44869,7
44872,6
44875,4
44878,8
44881,6
44884,3
44887,5
44890,21
44893,6
44896,6
44899,6
44902,5
44905,5
44908,5
44911,5
44914,5
44917,4
44920,6
44923,4
44926,3
44929,3
44932,4
44935,3
44938,9
44941,4
44944,5
44947,7
44950,4
44953,5
44956,4
44959,4
44962,5
44965,8
44968,9
44971,6
44974,5
44977,6
44980,7
44983,4
44986,5
44989,8
44992,7
44995,4
44998,13
45001,4
45004,4
45007,5
45010,5
45013,5
45016,6
45019,3
45022,4
45025,4
45028,4
45031,4
45034,5
45037,7
45040,5
45043,8
45046,5
45049,4
45052,6
45055,5
45058,6
45061,5
45064,4
45067,8
45070,4
45073,6
45076,5
45079,7
45082,5
45085,4
45088,6
45091,5
45094,5
45097,5
45100,18
45103,4
45106,6
45109,4
45112,9
45115,5
45118,7
45121,7
45124,18
45127,6
45130,6
45133,6
45136,6
45139,4
45142,5
45145,5
45148,5
45151,5
45154,8
45157,5
45160,6
45163,5
45166,4
45169,5
45172,9
45175,6
45178,7
45181,4
45184,5
45187,4
45190,5
45193,6
45196,6
45199,4
45202,5
45205,5
45208,4
45211,9
45214,4
45217,5
45220,5
45223,5
45226,5
45229,7
45232,9
45235,4
45238,7
45241,6
45244,7
45247,7
45250,3
45253,5
45256,6
45259,5
45262,5
45265,4
45268,12
45271,6
45274,8
45277,6
45280,5
45283,5
45286,7
45289,6
45292,5
45295,6
45298,5
45301,5
45304,6
45307,6
45310,5
45313,5
45316,31
45319,6
45322,6
45325,6
45328,7
45331,9
45334,7
45337,4
45340,6
45343,8
45346,5
45349,7
45352,5
45355,4
45358,6
45361,7
45364,6
45367,4
45370,5
45373,5
45376,10
45379,4
45382,5
45385,6
45388,4
45391,3
45394,7
45397,6
45400,4
45403,4
45406,4
45409,5
45412,7
45415,4
45418,8
45421,4
45424,7
45427,3
45430,5
45433,7
45436,5
45439,6
45442,5
45445,6
45448,5
45451,4
45454,6
45457,4
45460,11
45463,5
45466,6
45469,7
45472,6
45475,5
45478,7
45481,6
45484,6
45487,7
45490,5
45493,4
45496,6
45499,8
45502,7
45505,4
45508,5
45511,5
45514,4
45517,7
45520,8
45523,5
45526,12
45529,4
45532,5
45535,4
45538,5
45541,3
45544,6
45547,4
45550,5
45553,4
45556,6
45559,7
45562,4
45565,4
45568,4
45571,10
45574,7
45577,6
45580,6
45583,7
45586,4
45589,9
45592,5
45595,5
45598,5
45601,4
45604,4
45607,7
45610,6
45613,6
45616,4
45619,4
45622,15
45625,5
45628,5
45631,7
45634,6
45637,4
45640,5
45643,7
45646,5
45649,6
45652,6
45655,12
45658,8
45661,6
45664,4
45667,5
45670,4
45673,5
45676,6
45679,5
45682,5
45685,7
45688,4
45691,5
45694,4
45697,5
45700,5
45703,5
45706,8
45709,5
45712,7
45715,5
45718,5
45721,5
45724,6
45727,4
45730,8
45733,4
45736,8
45739,11
45742,5
45745,4
45748,7
45751,6
45754,4
45757,10
45760,6
45763,4
45766,4
45769,6
45772,6
45775,4
45778,4
45781,6
45784,5
45787,5
45790,6
45793,6
45796,8
45799,4
45802,9
45805,5
45808,8
45811,7
45814,6
45817,7
45820,8
45823,8
45826,5
45829,10
45832,11
45835,5
45838,8
45841,6
45844,7
45847,7
45850,5
45853,7
45856,5
45859,6
45862,5
45865,6
45868,6
45871,8
45874,5
45877,5
45880,5
45883,4
45886,6
45889,5
45892,6
45895,6
45898,4
45901,6
45904,7
45907,6
45910,5
45913,4
45916,5
45919,6
45922,6
45925,8
45928,7
45931,5
45934,6
45937,7
45940,5
45943,4
45946,6
45949,7
45952,6
45955,4
45958,6
45961,6
45964,4
45967,4
45970,5
45973,5
45976,4
45979,6
45982,7
45985,7
45988,5
45991,4
45994,6
45997,8
46000,8
46003,6
46006,7
46009,5
46012,5
46015,4
46018,6
46021,7
46024,5
46027,12
46030,7
46033,6
46036,6
46039,8
46042,7
46045,4
46048,5
46051,6
46054,4
46057,7
46060,7
46063,6
46066,5
46069,5
46072,4
46075,6
46078,6
46081,6
46084,6
46087,4
46090,5
46093,4
46096,6
46099,6
46102,6
46105,5
46108,6
46111,7
46114,6
46117,5
46120,8
46123,8
46126,4
46129,5
46132,6
46135,5
46138,4
46141,5
46144,4
46147,4
46150,14
46153,6
46156,5
46159,6
46162,6
46165,7
46168,4
46171,6
46174,7
46177,6
46180,5
46183,6
46186,5
46189,4
46192,6
46195,4
46198,6
46201,6
46204,5
46207,5
46210,5
46213,4
46216,5
46219,3
46222,5
46225,5
46228,4
46231,8
46234,6
46237,11
46240,6
46243,4
46246,4
46249,5
46252,5
46255,6
46258,4
46261,6
46264,6
46267,5
46270,4
46273,7
46276,4
46279,4
46282,6
46285,4
46288,5
46291,10
46294,5
46297,5
46300,4
46303,8
46306,7
46309,6
46312,5
46315,5
46318,5
46321,6
46324,4
46327,5
46330,16
46333,5
46336,6
46339,4
46342,5
46345,5
46348,5
46351,4
46354,4
46357,4
46360,5
46363,5
46366,4
46369,4
46372,8
46375,6
46378,4
46381,6
46384,9
46387,4
46390,10
46393,6
46396,6
46399,6
46402,7
46405,6
46408,4
46411,6
46414,4
46417,4
46420,5
46423,5
46426,4
46429,4
46432,8
46435,6
46438,4
46441,5
46444,4
46447,7
46450,4
46453,5
46456,7
46459,5
46462,5
46465,5
46468,5
46471,4
46474,5
46477,5
46480,6
46483,4
46486,4
46489,5
46492,4
46495,6
46498,5
46501,7
46504,5
46507,4
46510,4
46513,5
46516,4
46519,5
46522,6
46525,6
46528,5
46531,5
46534,5
46537,9
46540,6
46543,6
46546,5
46549,4
46552,6
46555,7
46558,7
46561,9
46564,6
46567,6
46570,4
46573,6
46576,5
46579,7
46582,4
46585,7
46591,8
46594,5
46597,7
46600,5
46603,5
46606,5
46609,6
46612,6
46618,4
46621,5
46624,6
46627,4
46630,5
46633,4
46636,5
46639,7
46642,6
46645,6
46648,6
46651,6
46654,6
46657,6
46660,9
46663,5
46666,6
46669,6
46672,4
46675,5
46678,5
46681,8
46684,4
46687,6
46690,4
46693,6
46696,7
46699,9
46702,7
46705,11
46708,7
46711,5
46714,5
46717,8
46720,8
46723,5
46726,4
46729,6
46732,6
46735,7
46738,7
46741,5
46744,4
46747,4
46750,7
46753,4
46756,4
46759,4
46762,4
46765,5
46768,5
46771,5
46774,6
46777,4
46780,5
46783,7
46786,4
46789,4
46792,6
46795,5
46798,5
46801,5
46804,4
46807,8
46810,5
46813,5
46816,5
46819,5
46822,4
46825,4
46828,9
46831,5
46834,6
46837,5
46840,5
46843,4
46846,6
46849,5
46852,4
46855,4
46858,13
46861,7
46864,4
46867,5
46870,4
46873,5
46876,4
46879,6
46882,8
46885,9
46888,5
46891,5
46894,4
46897,5
46900,6
46903,6
46906,4
46909,4
46912,4
46915,5
46918,6
46921,4
46924,6
46927,4
46930,7
46933,5
46936,5
46939,7
46942,3
46945,6
46948,5
46951,7
46954,4
46957,7
46960,5
46963,5
46966,7
46969,4
46972,5
46975,11
46978,7
46981,5
46984,6
46987,4
46990,4
46993,4
46996,4
46999,4
47002,5
47005,4
47008,5
47011,6
47014,4
47017,5
47020,5
47023,6
47026,5
47029,4
47032,5
47035,11
47038,6
47041,4
47044,6
47047,4
47050,4
47053,4
47056,4
47059,10
47062,5
47065,9
47068,7
47071,4
47074,10
47077,5
47080,6
47083,4
47086,6
47089,6
47092,6
47095,5
47098,7
47101,6
47104,6
47107,5
47110,8
47113,4
47116,9
47119,5
47122,4
47125,3
47128,5
47131,6
47134,4
47137,6
47140,4
47143,5
47146,3
47149,4
47152,5
47155,4
47158,3
47161,3
47164,3
47167,17
47170,8
47173,3
47176,3
47179,3
47182,5
47185,4
47188,3
47191,6
47194,5
47197,4
47200,4
47203,7
47206,10
47209,4
47212,3
47215,6
47218,6
47221,3
47224,3
47227,4
47230,7
47233,3
47236,3
47239,3
47242,5
47245,4
47248,3
47251,6
47254,6
47257,4
47260,4
47263,5
47266,5
47269,5
47272,3
47275,3
47278,3
47281,6
47284,3
47287,3
47290,4
47293,5
47296,6
47299,3
47302,6
47305,3
47308,13
47311,8
47314,6
47317,4
47320,5
47323,4
47326,5
47329,4
47335,10
47338,10
47341,7
47344,6
47347,8
47350,8
47353,8
47356,8
47359,7
47362,8
47365,11
47368,7
47371,7
47374,11
47377,8
47380,5
47383,5
47386,7
47389,6
47392,6
47395,8
47401,7
47404,5
47407,8
47410,4
47413,5
47416,6
47419,12
47422,7
47425,8
47428,6
47431,8
47434,9
47437,8
47440,9
47443,6
47446,10
47449,7
47452,15
47455,13
47458,8
47461,5
47464,6
47467,8
47470,6
47473,6
47476,9
47479,12
47482,8
47485,8
47488,5
47491,4
47494,8
47497,7
47500,9
47503,4
47506,15
47509,6
47515,4
47518,5
47521,8
47524,6
47527,8
47530,14
47533,12
47539,7
47542,8
47545,12
47548,5
47551,4
47554,5
47557,7
47560,5
47563,4
47566,6
47569,7
47572,4
47575,5
47578,9
47581,5
47584,14
47587,6
47590,8
47593,4
47596,4
47599,6
47602,5
47605,5
47608,5
47611,18
47614,7
47617,6
47620,9
47623,6
47626,12
47632,5
47635,7
47641,12
47644,9
47647,10
47650,8
47653,12
47656,8
47659,8
47662,11
47665,9
47668,9
47671,5
47674,15
47677,9
47680,4
47683,6
47686,7
47689,7
47692,7
47695,12
47698,4
47701,9
47704,8
47707,9
47710,9
47713,7
47716,7
47719,9
47722,7
47725,9
47728,8
47731,14
47734,9
47737,8
47740,26
47743,8
47746,7
47749,10
47752,8
47755,8
47758,14
47761,8
47764,9
47767,11
47770,8
47773,7
47776,10
47779,8
47782,10
47785,5
47791,5
47794,6
47797,5
47800,5
47803,6
47806,4
47809,14
47812,4
47815,6
47818,7
47821,6
47824,10
47827,7
47830,5
47833,10
47836,7
47839,5
47842,6
47845,5
47848,5
47851,4
47854,4
47857,6
47860,4
47863,6
47866,5
47869,5
47872,9
47875,6
47878,6
47881,5
47884,9
47887,6
47890,5
47893,5
47896,7
47899,10
47902,4
47905,8
47908,7
47911,10
47914,4
47917,11
47920,13
47923,6
47926,8
47929,5
47932,8
47935,7
47938,6
47941,27
47944,11
47947,5
47950,4
47953,8
47956,7
47959,7
47962,13
47965,12
47968,8
47971,10
47974,5
47977,9
47980,12
47983,8
47986,7
47989,5
47992,8
47995,14
47998,5
48001,8
48004,5
48007,6
48010,6
48013,4
48016,8
48019,8
48022,9
48025,8
48028,10
48031,5
48034,5
48037,6
48040,11
48043,8
48046,9
48049,4
48052,8
48055,6
48058,5
48061,5
48064,6
48067,5
48070,5
48073,5
48076,4
48079,4
48082,11
48085,14
48088,8
48091,8
48094,11
48097,17
48100,7
48103,6
48106,7
48109,5
48112,7
48115,4
48118,5
48121,5
48124,5
48127,7
48130,6
48133,6
48136,5
48139,4
48142,4
48145,4
48148,4
48151,4
48154,5
48157,5
48160,5
48163,4
48166,4
48169,7
48172,4
48175,4
48178,4
48181,4
48184,5
48187,5
48190,4
48193,5
48196,7
48199,5
48205,10
48208,10
48211,5
48214,6
48217,12
48220,18
48223,6
48226,5
48229,4
48232,5
48235,4
48238,5
48241,4
48244,7
48247,13
48250,16
48256,11
48262,6
48265,3
48268,8
48271,9
48286,5
48289,10
48292,7
48295,4
48298,6
48301,13
48304,7
48307,6
48310,6
48313,9
48316,10
48319,5
48322,6
48325,8
48328,4
48331,8
48334,7
48337,5
48340,8
48343,11
48346,4
48349,24
48352,5
48355,4
48358,7
48361,15
48364,4
48367,7
48370,4
48373,4
48376,5
48379,4
48382,4
48385,10
48388,4
48391,4
48394,5
48397,7
48400,17
48403,4
48406,5
48409,8
48412,9
48415,4
48418,5
48421,6
48424,17
48427,5
48430,5
48433,4
48436,5
48439,5
48442,5
48445,4
48448,11
48451,4
48454,6
48457,6
48460,4
48463,8
48466,7
48469,14
48472,14
48475,7
48478,9
48481,8
48484,6
48487,7
48490,8
48493,8
48496,12
48499,9
48502,7
48505,9
48508,11
48511,11
48514,12
48517,7
48520,11
48523,9
48526,6
48529,10
48532,7
48535,7
48538,9
48541,10
48544,11
48547,4
48550,5
48553,7
48556,6
48559,4
48562,10
48565,7
48568,6
48571,6
48574,10
48577,7
48580,4
48583,9
48586,9
48589,8
48592,7
48595,7
48598,9
48601,5
48604,14
48607,8
48610,7
48613,7
48616,8
48619,10
48622,5
48625,8
48628,8
48631,5
48634,5
48637,14
48640,11
48643,9
48646,11
48649,10
48652,4
48655,9
48658,9
48661,12
48664,9
48667,11
48670,11
48673,10
48676,8
48679,6
48682,8
48685,10
48691,9
48694,5
48697,8
48700,5
48703,8
48706,9
48709,10
48712,8
48715,13
48718,10
48721,8
48724,9
48727,11
48730,7
48733,6
48736,8
48739,11
48742,9
48745,13
48748,9
48751,15
48754,8
48757,10
48760,9
48763,9
48766,7
48769,11
48772,8
48775,11
48778,8
48781,11
48784,9
48787,10
48790,9
48793,13
48796,11
48799,9
48802,9
48805,9
48808,10
48811,6
48814,6
48817,10
48820,6
48823,11
48826,8
48829,7
48832,12
48835,6
48838,10
48841,11
48844,9
48847,8
48850,7
48853,8
48856,9
48859,5
48862,8
48865,10
48868,8
48871,11
48874,13
48877,9
48880,9
48883,10
48886,7
48889,6
48892,6
48895,7
48898,10
48901,7
48904,8
48907,8
48910,6
48913,8
48916,6
48919,7
48922,6
48925,7
48928,5
48931,10
48934,7
48937,10
48940,9
48943,13
48946,10
48949,9
48952,9
48955,9
48958,9
48961,10
48964,9
48967,9
48970,8
48973,12
48976,9
48979,10
48982,5
48985,11
48988,11
48991,5
48994,9
48997,10
49000,15
49003,14
49006,12
49009,11
49012,11
49015,12
49018,19
49021,12
49024,12
49027,7
49030,12
49033,12
49036,8
49039,12
49042,12
49045,14
49048,8
49051,8
49054,5
49057,16
49060,17
49063,16
49066,11
49069,8
49072,16
49075,10
49078,15
49081,9
49084,13
49087,12
49090,13
49093,10
49096,13
49099,8
49102,12
49105,16
49108,10
49111,12
49114,7
49117,11
49120,9
49123,8
49126,9
49129,11
49132,7
49135,13
49138,5
49141,11
49144,9
49147,9
49150,10
49153,12
49156,11
49159,11
49162,14
49165,11
49168,9
49171,9
49174,10
49177,13
49180,12
49183,7
49186,15
49189,15
49192,14
49195,17
49198,13
49201,11
49204,12
49207,10
49210,10
49213,7
49216,6
49219,7
49222,8
49225,7
49228,7
49231,10
49234,13
49237,16
49240,7
49243,5
49246,6
49249,10
49252,13
49255,12
49258,10
49261,12
49264,8
49267,8
49270,16
49273,12
49276,5
49279,12
49282,10
49285,20
49288,8
49291,13
49294,12
49297,14
49300,4
49303,16
49306,11
49309,27
49312,9
49315,13
49318,7
49321,18
49324,5
49327,14
49330,16
49333,7
49336,7
49339,9
49342,5
49345,16
49348,13
49351,10
49354,14
49357,14
49360,12
49363,18
49366,8
49369,13
49372,10
49375,11
49378,7
49381,7
49384,13
49387,6
49390,22
49393,6
49396,16
49399,18
49402,20
49405,18
49417,15
49420,7
49423,11
49426,16
49429,12
49432,7
49435,6
49438,16
49441,16
49444,16
49447,20
49450,16
49453,5
49456,16
49459,30
49462,16
49465,11
49468,9
49471,19
49474,19
49477,10
49480,12
49483,15
49486,10
49489,7
49492,8
49495,7
49498,10
49501,8
49504,14
49507,14
49510,11
49513,20
49516,11
49519,14
49522,6
49525,6
49528,7
49531,7
49534,7
49537,8
49540,7
49543,7
49546,6
49549,16
49552,12
49555,11
49558,12
49561,14
49564,14
49567,4
49570,6
49573,7
49576,9
49579,5
49582,6
49585,10
49588,14
49591,8
49594,6
49597,7
49600,5
49603,11
49606,14
49609,15
49612,6
49615,6
49618,8
49621,8
49624,16
49627,7
49630,12
49633,15
49636,10
49639,8
49642,7
49645,9
49648,9
49651,7
49654,8
49657,9
49660,6
49663,9
49666,6
49669,13
49672,13
49675,10
49678,8
49681,6
49684,9
49687,10
49690,6
49693,7
49696,7
49699,9
49702,7
49705,7
49708,7
49711,7
49714,11
49717,5
49720,9
49723,18
49726,5
49729,7
49732,8
49735,8
49738,9
49741,7
49744,5
49747,8
49750,8
49753,5
49756,7
49759,18
49762,9
49765,5
49768,8
49771,9
49777,8
49786,7
49813,5
49816,5
49819,9
49822,7
49825,8
49861,7
49903,8
49909,7
49933,8
49936,7
49939,8
49942,7
49945,7
49969,6
49978,13
49987,7
49990,8
49996,7
50014,5
50017,4
50020,6
50023,4
50026,3
50029,10
50032,14
50035,11
50038,7
50041,4
50044,8
50047,7
50050,5
50053,4
50059,8
50062,8
50065,7
50068,6
50071,5
50074,6
50077,9
50080,6
50083,6
50086,4
50089,7
50092,7
50095,7
50098,8
50101,7
50104,7
50107,6
50110,5
50113,10
50116,4
50119,6
50122,8
50125,8
50128,7
50131,8
50134,6
50137,11
50140,8
50143,7
50146,6
50149,5
50152,5
50155,9
50158,7
50161,8
50164,11
50167,8
50170,6
50173,9
50176,5
50179,6
50182,7
50185,4
50188,7
50191,5
50194,7
50197,6
50200,15
50206,6
50209,8
50212,7
50215,11
50218,9
50221,8
50224,9
50227,7
50230,8
50233,6
50236,7
50239,7
50242,7
50245,7
50248,8
50251,6
50254,6
50257,11
50260,5
50263,9
50266,9
50269,7
50272,9
50275,6
50278,7
50281,7
50284,7
50287,5
50290,7
50293,7
50296,7
50299,9
50302,7
50305,6
50308,8
50311,8
50314,6
50317,6
50320,6
50323,6
50329,6
50332,6
50335,6
50338,11
50341,6
50344,6
50347,5
50350,6
50353,5
50356,5
50359,5
50362,6
50365,6
50368,6
50371,6
50374,6
50377,7
50380,5
50383,6
50386,4
50389,9
50392,7
50395,6
50398,6
50401,6
50404,6
50407,6
50410,5
50413,6
50416,7
50419,6
50422,4
50425,7
50428,6
50431,7
50434,6
50437,6
50440,5
50443,6
50446,5
50449,6
50452,6
50455,4
50458,6
50461,5
50464,5
50467,5
50470,6
50473,5
50476,5
50479,5
50482,7
50485,4
50488,5
50491,7
50494,5
50497,5
50500,5
50503,5
50506,5
50509,5
50512,7
50515,6
50518,6
50521,6
50524,5
50530,6
50533,5
50536,4
50539,5
50542,4
50545,5
50548,5
50551,5
50554,5
50557,7
50560,5
50563,5
50566,5
50569,5
50572,5
50575,5
50578,6
50581,7
50584,7
50587,6
50590,6
50593,6
50596,6
50599,6
50602,5
50605,3
50608,6
50611,5
50614,5
50617,4
50620,4
50623,6
50626,5
50629,6
50632,4
50635,5
50638,5
50641,5
50644,5
50647,4
50650,5
50653,6
50656,6
50659,4
50662,5
50665,5
50668,7
50671,5
50674,6
50677,5
50683,6
50686,3
50689,3
50692,3
50695,6
50698,7
50701,6
50704,5
50707,7
50710,6
50713,6
50716,6
50719,7
50722,5
50725,7
50728,5
50731,3
50743,8
50746,5
50758,6
50770,5
50806,6
50809,5
50821,7
50844,3
50868,4
50871,2
50937,4
50940,4
50994,4
51083,4
51256,2
52181,2
52263,2
52287,6
52566,2
52569,3
53197,7
53312,2
53506,4
53509,5
53666,5
53669,5
53687,6
53806,3
53860,4
53965,6
54146,5
54247,5
54250,2
54253,2
54268,2
54277,6
54286,5
54292,3
54337,2
54340,2
54341,2
54343,2
54345,2
54346,2
54417,2
54426,2
54427,2
54428,2
54429,5
54441,2
54452,5
54592,3
54595,2
54596,3
54597,4
54598,3
54613,2
54614,4
54620,3
54654,6
54655,2
54656,2
54660,3
54661,2
54669,2
54684,4
54695,2
54696,2
54718,2
54732,2
54733,3
54734,3
54736,2
54737,2
54741,2
54742,2
54743,2
54744,4
54745,2
54768,3
54769,2
54771,3
54775,2
54777,3
54778,2
54818,2
54828,3
54835,2
54837,2
54840,2
54845,2
54846,2
54854,2
54857,3
54858,2
54865,2
54870,2
5171,11
5181,112
26047,492
26363,371
52374,81
670,115
672,87
675,15
678,570
681,84
682,574
684,1919
685,118
687,164
690,19
691,46
693,82
696,595
698,557
700,34
703,537
705,547
708,878
711,518
714,1183
717,37
720,29
723,90
726,28
729,94
731,131
732,80
734,392
735,1536
738,857
741,123
743,72
744,591
747,87
750,696
753,18
755,536
756,582
759,275
765,599
768,549
771,551
774,661
777,754
779,735
780,553
783,827
786,540
789,545
792,528
795,614
798,15
799,540
800,28
803,531
804,621
807,1671
810,518
813,603
816,521
819,660
821,689
822,801
824,766
825,779
827,545
828,520
830,517
832,589
834,683
837,545
840,18
843,544
845,776
846,1003
849,567
851,535
852,514
855,751
858,575
861,524
862,565
863,547
864,20
867,12
870,636
873,731
876,563
878,813
881,533
882,1910
885,521
886,520
888,522
891,649
893,882
895,638
898,1380
900,590
902,751
903,521
904,535
906,525
908,612
909,803
912,557
914,734
915,774
918,541
921,545
924,657
927,1452
930,530
933,18
936,15
939,547
940,643
943,816
945,543
948,13
950,532
951,521
954,973
957,544
960,19
962,12
963,22
964,49
967,16
969,16
972,529
973,562
975,690
978,31
980,543
982,4258
984,12
986,12
987,29
989,545
990,15
993,1453
995,563
998,531
999,14
1002,519
1004,535
1007,533
1010,14
1011,615
1013,116
1014,729
1015,562
1018,530
1019,16
1021,156
1023,572
1026,604
1029,46
1032,15
1035,603
1038,730
1041,597
1043,24
1044,563
1047,638
1050,545
1053,559
1056,549
1059,682
1061,1229
1062,792
1065,530
1068,545
1070,526
1071,931
1074,15
1075,15
1077,632
1080,1730
1083,707
1086,519
1089,14
1092,521
1095,554
1098,595
1101,529
1104,248
1106,716
1109,570
1110,12
1113,551
1116,609
1119,12
1121,159
1122,1335
1124,572
1125,193
1128,581
1131,644
1132,2689
1133,533
1135,528
1138,543
1140,555
1143,702
1146,537
1148,526
1149,15
1152,128
1155,2003
1157,15
1158,541
1161,530
1164,164
1167,530
1170,537
1172,1117
1173,569
1174,527
1176,551
1178,517
1179,557
1182,16
1184,616
1185,524
1187,565
1188,543
1191,1165
1194,540
1197,550
1199,728
1202,588
1203,552
1205,568
1207,33
1209,108
1210,15
1212,628
1213,1053
1215,33
1218,670
1219,12
1220,742
1223,532
1224,637
1225,226
1227,1070
1230,14
1233,36
1236,539
1237,628
1239,726
1242,655
1245,720
1247,560
1248,518
1251,550
1252,679
1254,12
1256,1447
1257,2127
1260,19
1263,685
1265,764
1266,799
1269,23
1272,591
1275,582
1278,546
1280,1319
1281,553
1284,13
1285,1497
1286,14
1287,519
1289,1240
1291,12
1294,14
1296,18
1297,621
1298,15
1300,1985
1302,19
1304,15
1307,558
1310,698
1313,659
1314,749
1317,12
1319,612
1320,13
1322,734
1323,536
1326,618
1327,1941
1329,13
1332,3506
1335,52
1338,571
1341,22
1344,17
1347,18
1350,580
1353,522
1354,2434
1356,156
1358,574
1359,592
1362,875
1365,14
1368,580
1370,966
1371,13
1372,18
1374,561
1377,550
1380,531
1383,686
1386,565
1389,551
1392,543
1395,620
1398,996
1401,923
1404,19
1407,15
1410,29
1413,667
1416,116
1419,16
1422,200
1425,559
1428,559
1431,517
1433,1732
1436,674
1438,14
1440,19
1441,105
1443,4706
1445,1555
1446,540
1449,868
1452,946
1454,526
1457,553
1458,12
1461,12
1463,542
1464,541
1467,836
1470,635
1473,609
1474,14
1476,28
1477,528
1480,30
1482,570
1485,530
1486,15
1487,744
1488,81
1491,772
1494,15
1495,2181
1497,629
1500,532
1503,519
1506,525
1509,20
1512,141
1514,539
1515,538
1518,520
1521,550
1524,672
1527,14
1530,805
1533,521
1536,535
1538,699
1539,531
1542,954
1545,15
1548,524
1551,1587
1554,129
1557,567
1560,535
1561,600
1562,574
1564,2278
1567,600
1568,518
1570,12
1573,605
1575,525
1578,527
1581,638
1584,561
1587,538
1590,649
1593,727
1596,592
1599,46
1602,170
1605,258
1608,21
1611,1444
1613,678
1616,620
1617,2009
1619,361
1620,97
1623,790
1626,536
1629,526
1631,699
1633,528
1635,523
1636,525
1637,703
1639,596
1640,16
1641,571
1642,548
1645,12
1647,64
1649,13
1652,549
1653,535
1656,13
1658,552
1659,521
1660,12
1662,12
1663,260
1666,690
1667,533
1668,552
1671,15
1676,775
1677,97
1680,534
1682,570
1683,19
1686,540
1689,558
1690,578
1692,249
1694,533
1695,652
1698,14
1701,133
1703,752
1704,126
1705,530
1706,620
1709,27
1710,839
1711,20
1712,540
1714,13
1716,13
1719,26
1721,26
1722,20
1723,21
1725,33
1727,25
1728,18
1730,18
1733,529
1736,528
1739,57
1740,43
1743,26
1746,19
1749,37
1750,30
1752,32
1755,22
1758,43
1761,33
1763,583
1766,23
1767,550
1769,49
1770,20
1773,18
1776,48
1778,24
1779,28
1782,25
1785,56
1788,31
1791,37
1794,38
1797,62
1800,543
1802,44
1805,53
1807,21
1808,52
1811,17
1812,23
1813,33
1815,52
1816,20
1818,660
1821,27
1824,14
1827,61
1829,17
1832,45
1833,89
1836,17
1839,35
1842,530
1843,8
1844,23
1845,23
1848,25
1851,37
1853,28
1854,24
1857,30
1860,41
1863,25
1864,36
1866,41
1867,28
1869,20
1873,3412
1875,71
1878,20
2436,769
2439,852
2440,1116
2441,6542
2444,707
2445,2598
2447,855
2448,1941
2450,1431
2451,276
2454,1995
2456,933
2457,874
2459,179
2460,66
2462,1246
2463,652
2466,375
2469,143
2470,84
2472,645
2473,543
2475,46
2478,566
2481,678
2483,806
2484,18
2487,540
2489,33
2490,30
2493,522
2495,511
2496,14
2497,534
2498,584
2499,1695
2502,1589
3234,7999
3236,1951
3237,16
3239,720
3269,12313
3272,1537
3273,114
3276,683
3279,1077
3281,34
3284,30
3287,206
4857,1861
26367,40
53477,51
53480,26
53995,239
54016,11
54616,53
54631,2082
54724,2
54806,619
3240,5245
3243,27241
3245,2918
3246,615
3248,82763
3249,27535
3252,1234
3255,1288
3258,909
3261,843
3264,4329
3267,1472
5001,529
26832,41
54587,7
